article_id,ticker,published_at,source_name,author,title,description,content,url,date
0,AVGO,2026-03-22 11:09:48+00:00,Yahoo Entertainment,Reuters,China pledges more balanced trade and further opening of the economy after record surplus,"BEIJING, March 22 () - Chinese Premier Li Qiang pledged on Sunday to further open the country's economy to foreign firms and pursue more balanced trade with ...","BEIJING, March 22 (Reuters) - Chinese Premier Li Qiang pledged on Sunday to further open the country's economy to foreign firms and pursue more balanced trade with its global partners, after a year m… [+3434 chars]",https://finance.yahoo.com/economy/policy/articles/china-pledges-more-balanced-trade-110948847.html,2026-03-22 00:00:00+00:00
1,AVGO,2026-03-22 12:00:01+00:00,CNBC,Ashley Capoot,OpenAI's data center pivot underscores Wall Street spending concerns ahead of IPO,"As OpenAI gears up for a potential IPO, it's outlined a more tempered infrastructure strategy and has moved away from an ambitious agreement with Nvidia.","Sam Altman, chief executive officer of OpenAI Inc., speaks during BlackRock's 2026 Infrastructure Summit in Washington, DC, US, on Wednesday, March 11, 2026. 
When OpenAI CEO Sam Altman took the sta… [+9638 chars]",https://www.cnbc.com/2026/03/22/openai-data-center-pivot-underscores-wall-street-ipo-concerns.html,2026-03-22 00:00:00+00:00
2,AVGO,2026-03-22 12:47:30+00:00,CNBC,Cnbc,China vows to continue opening its economy amid U.S. trade tensions,China has reached a temporary truce with the U.S. on trade. The world's second-biggest economy reported a record $1.2 trillion trade surplus for 2025.,"Chinese Premier Li Qiang pledged on Sunday to further open the country's economy to foreign firms and pursue more balanced trade with its global partners, after a year marked by trade friction and ta… [+3269 chars]",https://www.cnbc.com/2026/03/22/china-vows-to-continue-opening-its-economy-amid-us-trade-tensions.html,2026-03-22 00:00:00+00:00
3,AVGO,2026-03-22 16:53:08+00:00,Yahoo Entertainment,,Broadcom Inc. (AVGO) Positioned for Robust Growth in 200T AI Era,,"If you click 'Accept all', we and our partners, including 247 who are part of the IAB Transparency &amp; Consent Framework, will also store and / or access information on a device (in other words, us… [+1046 chars]",https://consent.yahoo.com/v2/collectConsent?sessionId=1_cc-session_81195e70-c500-4fd1-b6b6-bfa13920cb38,2026-03-22 00:00:00+00:00
4,AVGO,2026-03-23 07:01:04+00:00,SiliconANGLE News,Paul Gillin,"Broadcom expands Kubernetes support with VKS upgrades, open-source contributions and new partnerships",Broadcom Inc. is using this week’s KubeCon Europe 2026 conference to outline a multipronged strategy aimed at simplifying Kubernetes operations for enterprises while expanding support for artificial intelligence and modern application workloads. The company’s…,Broadcom Inc. is using this weeks KubeCon Europe 2026 conference to outline a multipronged strategy aimed at simplifying Kubernetes operations for enterprises while expanding support for artificial i… [+6629 chars],https://siliconangle.com/2026/03/23/broadcom-expands-kubernetes-support-vks-upgrades-open-source-contributions-new-partnerships/,2026-03-23 00:00:00+00:00
5,AVGO,2026-03-23 11:13:20+00:00,9to5Toys,Karthik Iyer,"Keychron Woot sale now live with up to 64% off aluminum and hot-swap keyboards, deals from just $35","Woot is currently offering a huge selection of Keychron keyboards at some of the lowest prices we’ve tracked for them. The sale includes a wide range of both wired and wireless models, with discounts reaching up to 64% and prices starting at just $34.99 Prime…","Woot is currently offering a huge selection of Keychron keyboards at some of the lowest prices weve tracked for them. The sale includes a wide range of both wired and wireless models, with discounts … [+2609 chars]",http://9to5toys.com/2026/03/23/keychron-woot-sale-now-live-with-up-to-64-off-from-just-35/,2026-03-23 00:00:00+00:00
6,AVGO,2026-03-23 14:20:00+00:00,Yahoo Entertainment,,"Meet the Super Semiconductor Stock That Isn't Nvidia, AMD, or Broadcom",,"If you click 'Accept all', we and our partners, including 247 who are part of the IAB Transparency &amp; Consent Framework, will also store and / or access information on a device (in other words, us… [+1046 chars]",https://consent.yahoo.com/v2/collectConsent?sessionId=1_cc-session_787bc254-399c-46ee-b5b1-44de31c0a9ba,2026-03-23 00:00:00+00:00
7,AVGO,2026-03-23 14:55:42+00:00,Help Net Security,Industry News,Broadcom delivers XDR solution to under-resourced SOC teams,"Broadcom announced Symantec CBX (Carbon Black XDR), a cloud-based platform that combines Symantec and Carbon Black technologies in one intuitive solution. CBX addresses the needs of the industry’s largest and historically underserved market: organizations tha…","Broadcom announced Symantec CBX (Carbon Black XDR), a cloud-based platform that combines Symantec and Carbon Black technologies in one intuitive solution. 
CBX addresses the needs of the industrys l… [+5176 chars]",https://www.helpnetsecurity.com/2026/03/23/broadcom-symantec-cbx-cloud-based-platform/,2026-03-23 00:00:00+00:00
8,AVGO,2026-03-23 15:21:07+00:00,Barchart.com,Rich Asplund,Stocks Rally as President Trump Eases Iran Threats,"The S&P 500 Index ($SPX ) (SPY ) today is up +2.10%, the Dow Jones Industrial Average ($DOWI ) (DIA ) is up +2.30%, and the Nasdaq 100 Index ($IUXX ) (QQQ ) ...","The S&amp;P 500 Index ($SPX) (SPY) today is up +2.10%, the Dow Jones Industrial Average ($DOWI) (DIA) is up +2.30%, and the Nasdaq 100 Index ($IUXX) (QQQ) is up +2.19%.  June E-mini S&amp;P futures (… [+8622 chars]",https://www.barchart.com/story/news/900181/stocks-rally-as-president-trump-eases-iran-threats,2026-03-23 00:00:00+00:00
9,AVGO,2026-03-23 15:57:08+00:00,Yahoo Entertainment,,Why Broadcom Stock Popped Today,,"If you click 'Accept all', we and our partners, including 247 who are part of the IAB Transparency &amp; Consent Framework, will also store and / or access information on a device (in other words, us… [+1046 chars]",https://consent.yahoo.com/v2/collectConsent?sessionId=1_cc-session_6b96de02-0cc4-42fb-8160-45c675de33f4,2026-03-23 00:00:00+00:00
10,AVGO,2026-03-23 16:02:01+00:00,Yahoo Entertainment,Rameen Kasana,What Street Thinks About Broadcom Inc. (AVGO),"Broadcom Inc. (NASDAQ:AVGO) is among the 5 Tech Stocks with Best Earnings Growth in 2026. On March 5, Cantor Fitzgerald maintained an Overweight rating on...","Broadcom Inc. (NASDAQ:AVGO) is among the 5 Tech Stocks with Best Earnings Growth in 2026. On March 5, Cantor Fitzgerald maintained an Overweight rating on Broadcom Inc. (NASDAQ:AVGO) with a price tar… [+1844 chars]",https://finance.yahoo.com/markets/stocks/articles/street-thinks-broadcom-inc-avgo-160201760.html,2026-03-23 00:00:00+00:00
11,AVGO,2026-03-23 23:00:28+00:00,CNBC,"Lora Kolodny, Ashley Capoot",OpenAI calls out Microsoft reliance as risk in investor document ahead of expected IPO,"In a document that resembles an IPO prospectus, OpenAI highlighted the risk of its dependence on Microsoft and of supply disruptions at TSMC.","OpenAI CEO Sam Altman speaks during the BlackRock Infrastructure Summit on March 11, 2026, in Washington.
In a document that resembles an IPO prospectus, OpenAI said its close ties with Microsoft co… [+6172 chars]",https://www.cnbc.com/2026/03/23/openai-risk-factors-microsoft-reliance-elon-musk-and-xai-lawsuits.html,2026-03-23 00:00:00+00:00
12,AVGO,2026-03-24 04:13:00+00:00,PR Newswire UK,,"Storage Area Network Switches Market to Reach USD 47,790 Million by 2032 Amid Rising Enterprise Data Growth, Cloud Expansion, and Adoption of High-Speed Fibre Channel Technologies - Credence Research","LONDON, March 24, 2026 /PRNewswire/ -- The ""Storage Area Network Switches Market – Growth, Share, Opportunities & Competitive Analysis, 2025 – 2032"" report has been added to the Credence Research Inc. offering. The global Storage Area Network Switches Market …","LONDON, March 24, 2026 /PRNewswire/ -- The ""Storage Area Network Switches Market Growth, Share, Opportunities &amp; Competitive Analysis, 2025 2032"" report has been added to the Credence Research Inc… [+12673 chars]",https://www.prnewswire.co.uk/news-releases/storage-area-network-switches-market-to-reach-usd-47-790-million-by-2032-amid-rising-enterprise-data-growth-cloud-expansion-and-adoption-of-high-speed-fibre-channel-technologies--credence-research-302722821.html,2026-03-24 00:00:00+00:00
13,AVGO,2026-03-24 04:46:25+00:00,Digitimes,Lily Hess,MediaTek's Airoha takes on US giants in optical comms DSP chip arena,The expansion of AI data centers is creating new business opportunities that are opening the door for upstarts to challenge industry leaders. A prime example is the four-level pulse amplitude modulation digital signal processing (PAM4 DSP) chip market for opt…,"Save my User ID and Password
Some subscribers prefer to save their log-in information so they do not have to enter their User ID and Password each time they visit the site. To activate this function… [+307 chars]",https://www.digitimes.com/news/a20260324PD219/airoha-expansion-data-mediatek-chips.html,2026-03-24 00:00:00+00:00
14,AVGO,2026-03-24 05:35:09+00:00,Theregister.com,Simon Sharwood,Half of VMware users plan to reduce usage by 2028,"Analyst says many others wouldn’t mind doing the same, but feel stuck
Half of VMware users plan to reduce their use of the virtualization pioneer’s products by 2028, according to a survey by independent analyst firm Virtified.…","Half of VMware users plan to reduce their use of the virtualization pioneers products by 2028, according to a survey by independent analyst firm Virtified.
Virtified principal Michael Warrilow, a fo… [+2730 chars]",https://www.theregister.com/2026/03/24/vmware_usage_reduction_analysis/,2026-03-24 00:00:00+00:00
15,AVGO,2026-03-24 05:41:21+00:00,CNA,,"Broadcom flags supply constraints, says TSMC capacity a bottleneck","TAIPEI, March 24 : Chip designer Broadcom said it is seeing supply chain constraints, including capacity limits at its manufacturing partner TSMC, highlighting the ripple effects of soaring demand for AI chips on the broader tech industry.""We are seeing that …","TAIPEI, March 24 : Chip designer Broadcom said it is seeing supply chain constraints, including capacity limits at its manufacturing partner TSMC, highlighting the ripple effects of soaring demand fo… [+1859 chars]",https://www.channelnewsasia.com/business/broadcom-flags-supply-constraints-says-tsmc-capacity-bottleneck-6013136,2026-03-24 00:00:00+00:00
16,AVGO,2026-03-24 08:00:12+00:00,Nvidia.com,Justin Boitano,"Advancing Open Source AI, NVIDIA Donates Dynamic Resource Allocation Driver for GPUs to Kubernetes Community","Artificial intelligence has rapidly emerged as one of the most critical workloads in modern computing. For the vast majority of enterprises, this workload runs on Kubernetes, an open source platform that automates the deployment, scaling and management of con…","Artificial intelligence has rapidly emerged as one of the most critical workloads in modern computing.
For the vast majority of enterprises, this workload runs on Kubernetes, an open source platform… [+5857 chars]",https://blogs.nvidia.com/blog/nvidia-at-kubecon-2026/,2026-03-24 00:00:00+00:00
17,AVGO,2026-03-24 09:19:24+00:00,The Times of India,Reuters,"Broadcom flags supply constraints, says TSMC capacity a bottleneck","The Taiwanese firm, the world's main ​producer of advanced AI chips, said in January ⁠that capacity ‌was tight, as the boom in AI infrastructure buildout has ​soaked up ​much of its advanced production lines.","Chip designer Broadcom says it is experiencing supply chain constraints across the technology sector, including capacity limits at its manufacturing partner TSMC, as soaring demand for AI chips strai… [+1955 chars]",https://economictimes.indiatimes.com/tech/technology/broadcom-flags-supply-constraints-says-tsmc-capacity-a-bottleneck/articleshow/129772184.cms,2026-03-24 00:00:00+00:00
18,AVGO,2026-03-24 10:01:10+00:00,Yahoo Entertainment,,Broadcom Launches Symantec CBX: Bringing Elite AI Security To Small Business Budgets,,"If you click 'Accept all', we and our partners, including 251 who are part of the IAB Transparency &amp; Consent Framework, will also store and / or access information on a device (in other words, us… [+1046 chars]",https://consent.yahoo.com/v2/collectConsent?sessionId=1_cc-session_735b74a0-c2c9-4686-95e3-eb62fa51f22d,2026-03-24 00:00:00+00:00
19,AVGO,2026-03-24 10:55:08+00:00,Next-mobility.de,Diana Kupfer,Software-defined vehicles: Race for the car made of bits and bytes,"Software-defined vehicles: Race for the car made of bits and bytes

Diana Kupfer

Tue, 2026-03-24 06:55


 
 
 
 URL

 https://www.next-mobility.de/wettlauf-um-das-auto-aus-bits-und-bytes-a-1722ddde…

 

 
 Tags

 
 eclipse sdv","Software-definierte FahrzeugeWettlauf um das Auto aus Bits und Bytes
Anbieter zum Thema
Open-Source-Initiativen und KI-Plattformen sollen die Entwicklung von Software-definierten Fahrzeugen beschle… [+13288 chars]",https://www.next-mobility.de/wettlauf-um-das-auto-aus-bits-und-bytes-a-1722dddeae48f941de68583031ef7f40/,2026-03-24 00:00:00+00:00
20,AVGO,2026-03-24 11:27:18+00:00,Yahoo Entertainment,,Broadcom (AVGO) Secures Long-Term Growth with Hyperscaler Deals,,"If you click 'Accept all', we and our partners, including 251 who are part of the IAB Transparency &amp; Consent Framework, will also store and / or access information on a device (in other words, us… [+1046 chars]",https://consent.yahoo.com/v2/collectConsent?sessionId=1_cc-session_3634817d-7228-42fa-9015-bb6c34db0775,2026-03-24 00:00:00+00:00
21,AVGO,2026-03-24 11:30:00+00:00,GlobeNewswire,SNS Insider pvt ltd,Power Electronics Market Size to Worth $71.20 Billion by 2035 | Research by SNS Insider,"Global Power Electronics Market Size, Share, Revenue Trends & Segmentation Analysis, By Material, Device, Application, and Region | Forecast 2026–2035...","Austin, March 24, 2026 (GLOBE NEWSWIRE) -- Power Electronics Market Size &amp; Growth Insights:
According to the SNS Insider,The Power Electronics Market Size was valued at USD 36.28 Billion in 2025… [+7069 chars]",https://www.globenewswire.com/news-release/2026/03/24/3261105/0/en/Power-Electronics-Market-Size-to-Worth-71-20-Billion-by-2035-Research-by-SNS-Insider.html,2026-03-24 00:00:00+00:00
22,AVGO,2026-03-24 11:36:12+00:00,Help Net Security,Mirko Zorz,NVIDIA puts GPU orchestration in community hands,"GPU-accelerated AI workloads now run on Kubernetes in the large majority of enterprise environments. Managing those workloads at scale has required specialized tooling that, until now, remained under vendor control. NVIDIA moved to change that at KubeCon Euro…","GPU-accelerated AI workloads now run on Kubernetes in the large majority of enterprise environments. Managing those workloads at scale has required specialized tooling that, until now, remained under… [+4653 chars]",https://www.helpnetsecurity.com/2026/03/24/nvidia-kubernetes-gpu-driver-community/,2026-03-24 00:00:00+00:00
23,AVGO,2026-03-24 17:22:01+00:00,CNBC,Katie Tarasov,"Arm releases first in-house chip, with Meta as debut customer","Arm is making its first CPU, pivoting from only licensing its architecture to giants like Apple, Nvidia, Amazon and Google. CNBC got an exclusive first look.","For more than 35 years, Arm Holdings has licensed its instruction sets to the world's biggest chipmakers and collected royalties on every processor made with its designs. Now the U.K.-based company i… [+7331 chars]",https://www.cnbc.com/2026/03/24/arm-launches-its-own-cpu-with-meta-as-first-customer.html,2026-03-24 00:00:00+00:00
24,AVGO,2026-03-24 18:26:18+00:00,Yahoo Entertainment,,Is Broadcom (AVGO) The Best AI Chip Stock to Buy According to Jim Cramer?,,"If you click 'Accept all', we and our partners, including 251 who are part of the IAB Transparency &amp; Consent Framework, will also store and / or access information on a device (in other words, us… [+1046 chars]",https://consent.yahoo.com/v2/collectConsent?sessionId=1_cc-session_3f542adc-9ce2-4b8e-8615-08e6063b4c3e,2026-03-24 00:00:00+00:00
25,AVGO,2026-03-24 20:15:57+00:00,Financial Post,GlobeNewswire,Celestica Announces Chair Succession and Appointment of New Director,"TORONTO, March 24, 2026 (GLOBE NEWSWIRE) — Celestica Inc. (NYSE: CLS) (TSX: CLS), a global leader in data center infrastructure and advanced technology solutions, today announced that Michael Wilson will retire as Chair of Celestica’s Board of Directors (the …","TORONTO, March 24, 2026 (GLOBE NEWSWIRE) Celestica Inc. (NYSE: CLS) (TSX: CLS), a global leader in data center infrastructure and advanced technology solutions, today announced that Michael Wilson wi… [+5793 chars]",https://financialpost.com/globe-newswire/celestica-announces-chair-succession-and-appointment-of-new-director,2026-03-24 00:00:00+00:00
26,AVGO,2026-03-24 23:21:04+00:00,Theregister.com,Tobias Mann,AI-pilled Arm CEO teases mystery products that will turn it into a money machine,"Breaking free of its IP licensing shackles
Arm CEO Rene Haas took an ice-cold sip of the AI Kool-Aid during a keynote speech at the company’s annual conference on Tuesday, teasing a future product that he thinks will pump the British chip designer's total add…","Arm CEO Rene Haas took an ice-cold sip of the AI Kool-Aid during a keynote speech at the companys annual conference on Tuesday, teasing a future product that he thinks will pump the British chip desi… [+4210 chars]",https://www.theregister.com/2026/03/24/arm_ceo_boasts_new_silicon/,2026-03-24 00:00:00+00:00
27,AVGO,2026-03-24 23:44:43+00:00,SiliconANGLE News,Kelly Knight,Broadcom bets on lateral threat prevention as AI attacks overwhelm the perimeter,"Agentic AI is transforming the cybersecurity threat landscape, pushing lateral threat prevention to the forefront as enterprises rethink how to protect workloads after a breach. As AI-powered tools make it easier for threat actors to discover vulnerabilities …","Agentic AI is transforming the cybersecurity threat landscape, pushing lateral threat prevention to the forefront as enterprises rethink how to protect workloads after a breach.
As AI-powered tools … [+5085 chars]",https://siliconangle.com/2026/03/24/lateral-threat-prevention-takes-center-stage-ai-driven-attacks-rsac26/,2026-03-24 00:00:00+00:00
28,AVGO,2026-03-25 02:02:20+00:00,The Big Lead,Arnab Mondal,Ranking the top 10 richest sports team owners in 2026,"Owning a sports team is not easy. It takes a huge amount of money and long-term vision. In leagues like the NFL and NBA, team values have crossed $3 billion. That makes ownership limited to the ultra-rich. Still, the latest 2026 rankings show something intere…","Owning a sports team is not easy. It takes a huge amount of money and long-term vision. In leagues like the NFL and NBA, team values have crossed $3 billion. That makes ownership limited to the ultra… [+6956 chars]",https://www.thebiglead.com/ranking-the-top-10-richest-sports-team-owners-in-2026/,2026-03-25 00:00:00+00:00
29,AVGO,2026-03-25 02:15:55+00:00,Digitimes,Charlene Chen,Broadcom expects optical communication supply chain capacity issues to ease by 2027,"The Optical Fiber Communication Conference (OFC 2026) concluded on March 19, with Broadcom holding a media briefing to discuss the latest technologies and product announcements from the event. Addressing concerns about capacity bottlenecks across the optical …","Save my User ID and Password
Some subscribers prefer to save their log-in information so they do not have to enter their User ID and Password each time they visit the site. To activate this function… [+307 chars]",https://www.digitimes.com/news/a20260325PD209/broadcom-optical-communications-supply-chain-capacity-2026.html,2026-03-25 00:00:00+00:00
30,AVGO,2026-03-25 04:21:13+00:00,Ibtimes.com.au,Mike Clair,Intel Stock Edges Higher Amid Foundry Progress and AI PC Momentum as Chipmaker Navigates Competitive Landscape,"Intel Corp. shares closed modestly higher Tuesday, trading around $44.06 after a session that saw the stock fluctuate between $43.20 and $44.31, as investors weighed ongoing foundry advancements, strong demand for AI-related products and persistent challenges…","Intel Corp. shares closed modestly higher Tuesday, trading around $44.06 after a session that saw the stock fluctuate between $43.20 and $44.31, as investors weighed ongoing foundry advancements, str… [+6672 chars]",https://www.ibtimes.com.au/intel-stock-edges-higher-amid-foundry-progress-ai-pc-momentum-chipmaker-navigates-competitive-1864357,2026-03-25 00:00:00+00:00
31,AVGO,2026-03-25 07:27:37+00:00,Yugatech.com,Nathan Reyes,Rise of the Dragon: The UNISOC Story,"At the height of war, there were Qualcomm’s Snapdragon chipsets, engaged in heated battle against Apple’s A-series mobile chips. Slowly,...
The post Rise of the Dragon: The UNISOC Story appeared first on YugaTech | Philippines Tech News & Reviews.","At the height of war, there were Qualcomms Snapdragon chipsets, engaged in heated battle against Apples A-series mobile chips. Slowly, Google threw its Tensor line into the fray. And so did Samsung w… [+8014 chars]",https://www.yugatech.com/feature/rise-of-the-dragon-the-unisoc-story/,2026-03-25 00:00:00+00:00
32,AVGO,2026-03-25 10:33:55+00:00,Verdict,Anwesha Pattanaik,Arm debuts AGI CPU as it moves into silicon manufacturing for AI,"Arm has announced its first move into silicon product manufacturing, launching the Arm AGI CPU to target AI data centre workloads.","Arm has announced its first move into silicon product manufacturing, launching the Arm AGI CPU to target AI data centre workloads.
The companys new strategy expands its offerings beyond intellectual… [+2730 chars]",https://www.verdict.co.uk/arm-debuts-agi-cpu/,2026-03-25 00:00:00+00:00
33,AVGO,2026-03-25 11:01:45+00:00,Yahoo Entertainment,Jeff Lewis,Broadcom (AVGO) Announces Launch of In-Flight Network Encryption Solution,"Broadcom Inc. (NASDAQ:AVGO) is one of the 10 Most Profitable S&P 500 Stocks to Buy Now. On March 19, 2026, Broadcom Inc. (NASDAQ:AVGO) announced it is...","Broadcom Inc. (NASDAQ:AVGO) is one of the 10 Most Profitable S&amp;P 500 Stocks to Buy Now.
On March 19, 2026, Broadcom Inc. (NASDAQ:AVGO) announced it is shipping what it described as the first end… [+1958 chars]",https://finance.yahoo.com/markets/stocks/articles/broadcom-avgo-announces-launch-flight-110145426.html,2026-03-25 00:00:00+00:00
34,AVGO,2026-03-25 13:34:36+00:00,TelecomTV,Ray Le Maistre,Arm flexes its chip-making muscles (with Meta’s help),Chip designer Arm has expanded its horizons and become a chip maker for the first timeIts first product is a CPU designed for agentic AI infrastructureThe chip…,"Arm is no longer just a leading chip designer that licences its intellectual property to semiconductor manufacturers – it’s now also a chip maker itself, and its debut product is a central processing… [+5372 chars]",https://www.telecomtv.com/content/digital-platforms-services/arm-flexes-its-chip-making-muscles-with-meta-s-help-55184/,2026-03-25 00:00:00+00:00
35,AVGO,2026-03-25 14:47:02+00:00,SiliconANGLE News,Tristan Foster,"Agentic security rises, even as AI value still lags: theCUBE’s day two analysis from the RSAC 2026 Conference","As the RSAC 2026 Conference hit its stride on day two, it became apparent that while AI and agentic security dominate seller messaging, there remains a significant gap in communicating the actual business value to enterprise leaders. The technology sector has…","As the RSAC 2026 Conference hit its stride on day two, it became apparent that while AI and agentic security dominate seller messaging, there remains a significant gap in communicating the actual bus… [+4315 chars]",https://siliconangle.com/2026/03/25/agentic-security-takes-center-stage-rsac-2026-rsac26/,2026-03-25 00:00:00+00:00
36,AVGO,2026-03-25 16:36:56+00:00,Theregister.com,Simon Sharwood,OpenAI now gets to decide which type of product assassin it will become,"AWS, Google, Broadcom, or Netscape?
OpenAI on Wednesday announced the death of its controversial Sora video creation tool, just two days after publishing a guide on how to use it well.…","OpenAI on Wednesday announced the death of its controversial Sora video creation tool, just two days after publishing a guide on how to use it well.
Like so many AI products, Sora was capable of cre… [+3724 chars]",https://www.theregister.com/2026/03/25/openai_kills_sora_product_assassin/,2026-03-25 00:00:00+00:00
37,AVGO,2026-03-25 18:55:51+00:00,Business Insider,rmchan@businessinsider.com (Rosalie Chan),Meta and OpenAI's compute crunch gives Arm a big opportunity,"Arm CEO Rene Haas announced the Arm AGI CPU, partnering with AI giants Meta and OpenAI to tackle energy-efficient AI computing needs.","ARM has long run its business as an architect behind the scenes, designing chips that power almost all the world's smartphone and making money off royalties from the chips it designs for customers.
… [+3573 chars]",https://www.businessinsider.com/arm-unveils-ai-chip-partners-with-meta-openai-2026-3,2026-03-25 00:00:00+00:00
38,AVGO,2026-03-26 00:15:17+00:00,Digitimes,Jingyue Hsiao,"Broadcom to mass-produce 400G single-lane PAM4 DSP by 2027, vows to maintain lead","Broadcom recently announced that it completed development of a 400G single-lane PAM4 digital signal processor (DSP) at the Optical Fiber Communication Conference (OFC) 2026, signaling accelerated progress toward higher-speed optical links, with implications f…","Save my User ID and Password
Some subscribers prefer to save their log-in information so they do not have to enter their User ID and Password each time they visit the site. To activate this function… [+307 chars]",https://www.digitimes.com/news/a20260325PD204/broadcom-optical-communications-development-2027.html,2026-03-26 00:00:00+00:00
39,AVGO,2026-03-26 05:00:53+00:00,Help Net Security,Anamarija Pogorelec,"Unbreakable Enterprise Kernel 8.2 ships with confidential computing support, XFS live repair",Many enterprise Linux deployments rely on hardware-level memory isolation to protect sensitive workloads from co-tenants and compromised hypervisors. Oracle’s Unbreakable Enterprise Kernel 8.2 (UEK 8.2) extends that capability on Oracle Linux with support for…,Many enterprise Linux deployments rely on hardware-level memory isolation to protect sensitive workloads from co-tenants and compromised hypervisors. Oracle’s Unbreakable Enterprise Kernel 8.2 (UEK 8… [+4177 chars],https://www.helpnetsecurity.com/2026/03/26/oracle-unbreakable-enterprise-kernel-8-2/,2026-03-26 00:00:00+00:00
40,AVGO,2026-03-26 10:06:36+00:00,Stratechery.com,Ben Thompson,An Interview with Arm CEO Rene Haas About Selling Chips,An interview with Arm CEO Rene Haas about the company's decision to not just license IP but make their own chips.,"Good morning,
This week’s Stratechery Interview is with Arm CEO Rene Haas, who I previously spoke to in January 2024, and who recently made a major announcement at Arm’s first-ever standalone keynot… [+46333 chars]",https://stratechery.com/2026/an-interview-with-arm-ceo-rene-haas-about-selling-chips/,2026-03-26 00:00:00+00:00
41,AVGO,2026-03-26 13:00:01+00:00,CNBC,MacKenzie Sigalos,Apple expands American manufacturing program with four new partners,"Apple is adding Bosch, Cirrus Logic, TDK, and Qnity Electronics to its American Manufacturing Program, committing $400 million through 2030.","Apple announced a significant expansion of its American Manufacturing Program on Thursday, bringing four new partners Bosch, Cirrus Logic, TDK, and Qnity Electronics into its domestic supply chain. … [+3855 chars]",https://www.cnbc.com/2026/03/26/apple-american-manufacturing-program-trump.html,2026-03-26 00:00:00+00:00
42,AVGO,2026-03-26 13:33:23+00:00,PCMag.com,Michael Lydick,"The FCC Router Ban Sends the Wrong Signal: America First, Your Connectivity Second","Banning foreign-made networking hardware won't make us safer or keep our data more private; it'll just cut off our access to cheap, essential, high-quality tech.
The FCC’s recent decision to ban foreign-made routers fits into a broader pattern in which comple…","The FCCs recent decision to ban foreign-made routers fits into a broader pattern in which complex, hard-to-define risks get simplified into something tangible and easy to point out to the populace. W… [+5408 chars]",https://uk.pcmag.com/wireless-routers/164022/the-fcc-router-ban-sends-the-wrong-signal-america-first-your-connectivity-second,2026-03-26 00:00:00+00:00
43,AVGO,2026-03-26 13:33:23+00:00,PCMag.com,Michael Lydick,"The FCC Router Ban Sends the Wrong Signal: America First, Your Connectivity Second","Banning foreign-made networking hardware won't make us safer or keep our data more private; it'll just cut off our access to cheap, essential, high-quality tech.
The FCC’s recent decision to ban foreign-made routers fits into a broader pattern in which comple…","The FCCs recent decision to ban foreign-made routers fits into a broader pattern in which complex, hard-to-define risks get simplified into something tangible and easy to point out to the populace. W… [+5408 chars]",https://me.pcmag.com/en/wireless-routers/36191/the-fcc-router-ban-sends-the-wrong-signal-america-first-your-connectivity-second,2026-03-26 00:00:00+00:00
44,AVGO,2026-03-26 13:48:01+00:00,MacRumors,Joe Rossignol,Apple Announces Plans to Make More iPhone Parts in USA,"Apple today announced four new members of its American Manufacturing Program: TDK, Bosch, Cirrus Logic, and Qnity Electronics.





Apple said TDK will manufacture tunnel magnetoresistance (TMR) sensors in the U.S. for the first time ever, for use in iPhones …","Apple today announced four new members of its American Manufacturing Program: TDK, Bosch, Cirrus Logic, and Qnity Electronics.
Apple said TDK will manufacture tunnel magnetoresistance (TMR) sensors … [+2093 chars]",https://www.macrumors.com/2026/03/26/apple-suppliers-to-make-more-iphone-parts-in-usa/,2026-03-26 00:00:00+00:00
45,AVGO,2026-03-26 14:00:02+00:00,Yahoo Entertainment,,Broadcom Insiders Are Selling Stock. Is AVGO Finally at the End of the Road?,,"If you click 'Accept all', we and our partners, including 251 who are part of the IAB Transparency &amp; Consent Framework, will also store and / or access information on a device (in other words, us… [+1046 chars]",https://consent.yahoo.com/v2/collectConsent?sessionId=1_cc-session_320469bc-8192-42e2-a636-d81b9f81a70b,2026-03-26 00:00:00+00:00
46,AVGO,2026-03-26 14:25:06+00:00,Cult of Mac,David Snow,Apple adds 4 new partners to its American Manufacturing Program,"As part of a $600 billion commitment, Apple adds partners to its American Manufacturing Program, including Bosch and TDK.
(via Cult of Mac - Your source for the latest Apple news, rumors, analysis, reviews, how-tos and deals.)","Apple pledged $600 billion over four years to boost U.S. manufacturing. Photo: Apple
Four new companies will join Apple’s American Manufacturing Program (AMP), the iPhone giant said Thursday. It add… [+2739 chars]",https://www.cultofmac.com/news/apple-adds-partners-to-american-manufacturing-program,2026-03-26 00:00:00+00:00
47,AVGO,2026-03-26 14:47:24+00:00,Wccftech,Rohail Saleem,"After Eating Over $3.3 Billion In Tariff Costs, Apple Expands Its American Manufacturing Plan (AMP) By Roping In 4 Additional Supply Chain Partners",Apple appears intent on expanding its US-based manufacturing footprint not just to remain firmly ensconced on the good side of a notoriously temperamental administration but also to better manage its exposure to geopolitical risks and US import tariffs. To th…,Apple appears intent on expanding its US-based manufacturing footprint not just to remain firmly ensconced on the good side of a notoriously temperamental administration but also to better manage its… [+3059 chars],https://wccftech.com/after-eating-over-3-3-billion-in-tariff-costs-apple-expands-its-american-manufacturing-plan-amp-by-roping-in-4-additional-supply-chain-partners/,2026-03-26 00:00:00+00:00
48,AVGO,2026-03-26 16:07:37+00:00,Breitbart News,Lucas Nolan,Trump Effect: Apple Expands American Manufacturing Program with 4 Partners,"Apple has announced a significant expansion of its American Manufacturing Program on Thursday, bringing four new partners into its domestic supply chain as part of a broader push to strengthen U.S. manufacturing capabilities.
The post Trump Effect: Apple Expa…","Apple has announced a significant expansion of its American Manufacturing Program on Thursday, bringing four new partners into its domestic supply chain as part of a broader push to strengthen U.S. m… [+4065 chars]",https://www.breitbart.com/tech/2026/03/26/trump-effect-apple-expands-american-manufacturing-program-with-4-partners/,2026-03-26 00:00:00+00:00
49,AVGO,2026-03-26 17:00:00+00:00,Streamingmedia.com,https://www.streamingmedia.com/Authors/4247-Jan-Ozer.htm,The State of Streaming Codecs 2026,"Streaming codec adoption used to be an engineering abstraction governed by RD curves, BD-rate tables, and roadmap slides that no one outside of R&D ever considered. Over the last 15 months, codec adoption decisions have morphed into a much broader discussion,…","Streaming codec adoption used to be an engineering abstraction governed by RD curves, BD-Rate tables, and road map slides that no one outside of R&amp;D ever considered. Over
the last 15 months, cod… [+22429 chars]",https://www.streamingmedia.com/Articles/ReadArticle.aspx?ArticleID=173838,2026-03-26 00:00:00+00:00
50,AVGO,2026-03-26 17:09:49+00:00,Theregister.com,Brandon Vigliarolo,Apple's making more iPhone parts in the US. The iPhone itself? Not so much,"Maybe that's why Tim didn't get an invitation to the President's tech bro club?
Apple's American Manufacturing Program (AMP) is expanding, with new suppliers signed on to produce iPhone components - though those parts will still be shipped overseas for final …","Apple's American Manufacturing Program (AMP) is expanding, with new suppliers signed on to produce iPhone components - though those parts will still be shipped overseas for final assembly.
The iBiz … [+2256 chars]",https://www.theregister.com/2026/03/26/apple_expands_list_of_bits/,2026-03-26 00:00:00+00:00
51,AVGO,2026-03-26 17:30:54+00:00,Macdailynews.com,MacDailyNews,"Apple adds new partners Bosch, Cirrus Logic, TDK, and Qnity Electronics to its American Manufacturing Program","Apple today announced new members of its American Manufacturing Program (AMP), expanding the company’s long-standing commitment…
The post Apple adds new partners Bosch, Cirrus Logic, TDK, and Qnity Electronics to its American Manufacturing Program appeared fi…","Apple today announced new members of its American Manufacturing Program (AMP), expanding the companys long-standing commitment to bring even more advanced manufacturing and critical component product… [+4023 chars]",https://macdailynews.com/2026/03/26/apple-adds-new-partners-bosch-cirrus-logic-tdk-and-qnity-electronics-to-its-american-manufacturing-program/,2026-03-26 00:00:00+00:00
52,AVGO,2026-03-26 18:57:00+00:00,Techtarget.com,,Divide and conquer: Why the time is right for disaggregated storage,"Converged infrastructure seemed brilliant five years ago. One vendor, one stack, and one throat to choke. But then Broadcom bought VMware, and according to Omdia research company ESG, bumped hypervisor costs for 72% of enterprises in 18 months. CIOs who built…","Converged infrastructure seemed brilliant five years ago. One vendor, one stack, and one throat to choke. But then Broadcom bought VMware, and according to Omdia research company ESG, bumped hypervis… [+3868 chars]",https://www.techtarget.com/searchitchannel/DellTechnologiesStorage/Divide-and-conquer-Why-the-time-is-right-for-disaggregated-storage,2026-03-26 00:00:00+00:00
53,AVGO,2026-03-26 20:04:56+00:00,Barchart.com,Ruchi Gupta,Analysts Expect Higher TPU Shipments. Why That Makes Broadcom Stock a Buy Now.,"Analysts are bullish on Broadcom stock, expecting more than 40% upside from an increase in TPU units.","Broadcom (AVGO) is a global technology powerhouse headquartered in Palo Alto, California, specializing in the design and supply of complex semiconductor and infrastructure software solutions. The com… [+4096 chars]",https://www.barchart.com/story/news/990598/analysts-expect-higher-tpu-shipments-why-that-makes-broadcom-stock-a-buy-now,2026-03-26 00:00:00+00:00
54,AVGO,2026-03-26 20:23:10+00:00,Jeffgeerling.com,jandeboevrie,Using FireWire on a Raspberry Pi,"After learning Apple killed off FireWire (IEEE 1394) support in macOS 26 Tahoe, I started looking at alternatives for old FireWire equipment like hard drives, DV cameras, and A/V gear.
I own an old Canon GL1 camera, with a 'DV' port. I could plug that into an…","After learning Apple killed off FireWire (IEEE 1394) support in macOS 26 Tahoe, I started looking at alternatives for old FireWire equipment like hard drives, DV cameras, and A/V gear.
I own an old … [+3424 chars]",https://www.jeffgeerling.com/blog/2026/firewire-on-a-raspberry-pi/,2026-03-26 00:00:00+00:00
55,AVGO,2026-03-26 20:31:02+00:00,GSMArena.com,Vlad,Apple expands its American Manufacturing Program with new partners,"Back in August of last year, Apple announced its American Manufacturing Program (AMP), with the aim to bring its supply chain and manufacturing partners to US soil.

Today, the company has unveiled new members of AMP, including Bosch, Cirrus Logic, TDK, and Q…","Back in August of last year, Apple announced its American Manufacturing Program (AMP), with the aim to bring its supply chain and manufacturing partners to US soil.
Today, the company has unveiled n… [+1378 chars]",https://www.gsmarena.com/apple_expands_its_american_manufacturing_program_with_new_partners-news-72131.php,2026-03-26 00:00:00+00:00
56,AVGO,2026-03-26 20:57:04+00:00,Android Headlines,Sai Krishna,Apple Doubles Down on US Manufacturing with Additional $400 Million Investment,"Apple spends $400 million more to boost US manufacturing. It is now working with Bosch, Cirrus Logic, TDK, and Qnity Electronics","Apple, through its American Manufacturing program, has been taking steps to bring more advanced manufacturing and critical component production to the US. In that direction, Apple has now announced i… [+1906 chars]",https://www.androidheadlines.com/2026/03/apple-doubles-down-on-us-manufacturing-with-additional-400-million-investment.html,2026-03-26 00:00:00+00:00
57,AVGO,2026-03-27 06:50:49+00:00,Yahoo Entertainment,,Broadcom (AVGO) Powers the AI Boom — Bullish despite the Pullback,,"If you click 'Accept all', we and our partners, including 251 who are part of the IAB Transparency &amp; Consent Framework, will also store and / or access information on a device (in other words, us… [+1046 chars]",https://consent.yahoo.com/v2/collectConsent?sessionId=1_cc-session_06da636a-2b3e-4945-b091-dd8225a071d3,2026-03-27 00:00:00+00:00
58,AVGO,2026-03-27 08:08:00+00:00,GlobeNewswire,SNS Insider pvt ltd,"Massive MIMO Market Size to Reach USD 151.20 Billion by 2035, Owing to Rapid 5G Deployment and High-Speed Data Demand | Report by SNS Insider","The Massive MIMO Market is expanding rapidly with growing 5G infrastructure and advanced antenna adoption, with the U.S. segment increasing from USD 2.94 billion in 2025 to USD 43.17 billion by 2035. The Massive MIMO Market is expanding rapidly with growing 5…","Austin, March 27, 2026 (GLOBE NEWSWIRE) -- The Massive MIMO Market size is valued at USD 7.98 Billion in 2025 and is projected to reach USD 151.20 Billion by 2035, growing at a CAGR of 34.78% during … [+7305 chars]",https://www.globenewswire.com/news-release/2026/03/27/3263599/0/en/Massive-MIMO-Market-Size-to-Reach-USD-151-20-Billion-by-2035-Owing-to-Rapid-5G-Deployment-and-High-Speed-Data-Demand-Report-by-SNS-Insider.html,2026-03-27 00:00:00+00:00
59,AVGO,2026-03-27 08:42:31+00:00,Ibtimes.com.au,Mike Clair,10 Best Rising AI Stocks to Buy in 2026: Top Analyst Picks,"As artificial intelligence infrastructure spending accelerates in 2026, investors are eyeing a fresh wave of stocks poised for outsized gains beyond the mega-cap leaders.","As artificial intelligence infrastructure spending accelerates in 2026, investors are eyeing a fresh wave of stocks poised for outsized gains beyond the mega-cap leaders. While giants like Nvidia rem… [+5943 chars]",https://www.ibtimes.com.au/10-best-rising-ai-stocks-buy-2026-top-analyst-picks-1864658,2026-03-27 00:00:00+00:00
60,AVGO,2026-03-27 14:58:00+00:00,PR Newswire UK,,"Global Embedded Hypervisor Market to Reach USD 89.56 Billion by 2035, Driven by Automotive, 5G & AI Adoption Across USA, Europe & Asia-Pacific - Key Players: Wind River, BlackBerry QNX, Siemens, Thales & Green Hills","Global embedded hypervisor market projected to grow at a 12% CAGR, unlocking secure, real-time, multi-OS performance across automotive, aerospace, industrial automation, and telecom ecosystems NEWARK, Del., March 27, 2026 /PRNewswire/ -- According to a latest…","Global embedded hypervisor market projected to grow at a 12% CAGR, unlocking secure, real-time, multi-OS performance across automotive, aerospace, industrial automation, and telecom ecosystems
NEWAR… [+9244 chars]",https://www.prnewswire.co.uk/news-releases/global-embedded-hypervisor-market-to-reach-usd-89-56-billion-by-2035--driven-by-automotive-5g--ai-adoption-across-usa-europe--asia-pacific--key-players-wind-river-blackberry-qnx-siemens-thales--green-hills-302727369.html,2026-03-27 00:00:00+00:00
61,AVGO,2026-03-27 15:03:00+00:00,Yahoo Entertainment,,Broadcom just made the AI debate harder to ignore,,"If you click 'Accept all', we and our partners, including 251 who are part of the IAB Transparency &amp; Consent Framework, will also store and / or access information on a device (in other words, us… [+1046 chars]",https://consent.yahoo.com/v2/collectConsent?sessionId=1_cc-session_4b7b9383-e716-4eac-a887-385e8d39173a,2026-03-27 00:00:00+00:00
62,AVGO,2026-03-27 15:30:51+00:00,SiliconANGLE News,Robert Hof,"AI agents are about to overtake cybersecurity — for better, or worse?","Artificial intelligence has been a prime concern for cybersecurity for years, but it took on a new urgency at this week’s RSAC conference in San Francisco. AI agents in particular were the chief concern on everyone’s lips, and no wonder: You’ve got these thin…","Artificial intelligence has been a prime concern for cybersecurity for years, but it took on a new urgency at this week’s RSAC conference in San Francisco.
AI agents in particular were the chief con… [+15953 chars]",https://siliconangle.com/2026/03/27/ai-agents-overtake-cybersecurity-better-worse/,2026-03-27 00:00:00+00:00
63,AVGO,2026-03-27 16:19:29+00:00,Slickdeals.net,suihuamo,Woot - Keychron K8 Tenkeyless Wireless Mechanical Keyboard - $43.99,"Woot has Keychron K8 Tenkeyless Wireless Mechanical Keyboard for Windows or Mac, RGB Backlight, Bluetooth, Multitasking, with Gateron G Pro for $43.99, FS for Prime.

https://computers.woot.com/offers","Woot has Keychron K8 Tenkeyless Wireless Mechanical Keyboard for Windows or Mac, RGB Backlight, Bluetooth, Multitasking, with Gateron G Pro for $43.99, FS for Prime.https://computers.woot.
com/offer… [+1104 chars]",https://slickdeals.net/f/19354203-woot-keychron-k8-tenkeyless-wireless-mechanical-keyboard-43-99,2026-03-27 00:00:00+00:00
64,AVGO,2026-03-27 17:42:20+00:00,Yahoo Entertainment,,Broadcom Stock Price Prediction: Where Will AVGO Be in 3 Years?,,"If you click 'Accept all', we and our partners, including 251 who are part of the IAB Transparency &amp; Consent Framework, will also store and / or access information on a device (in other words, us… [+1046 chars]",https://consent.yahoo.com/v2/collectConsent?sessionId=1_cc-session_4c3b1fd0-4284-4449-8b41-356c4245e27d,2026-03-27 00:00:00+00:00
65,AVGO,2026-03-27 18:56:30+00:00,Pypi.org,circuitpython@adafruit.com,adafruit-circuitpython-apds9999 1.1.1,CircuitPython driver for Broadcom APDS-9999 Light + RGB + Proximity,"A required part of this site couldnt load. This may be due to a browser
 extension, network issues, or browser settings. Please check your
 connection, disable any ad blockers, or try using a diffe… [+12 chars]",https://pypi.org/project/adafruit-circuitpython-apds9999/1.1.1/,2026-03-27 00:00:00+00:00
66,AVGO,2026-03-27 20:47:46+00:00,Gadget Flow,Grigor Baklajyan,rabbit project cyberdeck preview: Why I think design and display will make or break it,"When rabbit rolled out the R1 AI assistant device, I still recall the wave of roasting. Marques Brownlee even called it “barely reviewable,” and that’s the kind of reaction the company will want to dodge with project cyberdeck. Vibe coding..
The post rabbit p…","When rabbit rolled out the R1 AI assistant device, I still recall the wave of roasting. Marques Brownlee even called it “barely reviewable,” and that’s the kind of reaction the company will want to d… [+3683 chars]",https://thegadgetflow.com/blog/rabbit-project-cyberdeck-preview/,2026-03-27 00:00:00+00:00
67,AVGO,2026-03-27 21:35:00+00:00,TechRadar,Efosa Udinmwen,"'The next evolution of the Arm compute platform': AGI CPU is Arm's first in-house AI chip, Meta and OpenAI sign up as early clients — and it might have picked the perfect time to launch","Arm introduces its first in-house AGI CPU, offering high-density performance and gaining early backing from major companies, including Meta and OpenAI.",<ul><li>Arm enters silicon production with a CPU designed for large-scale AI workloads</li><li>New AGI CPU doubles rack performance compared with traditional x86 systems</li><li>Meta and OpenAI adopt… [+3849 chars],https://www.techradar.com/pro/the-next-evolution-of-the-arm-compute-platform-agi-cpu-is-its-first-in-house-ai-chip-signs-up-meta-and-openai-as-early-clients,2026-03-27 00:00:00+00:00
68,AVGO,2026-03-28 13:25:00+00:00,Yahoo Entertainment,,1 Reason Broadcom Could Join the $3 Trillion Club Before You Expect,,"If you click 'Accept all', we and our partners, including 251 who are part of the IAB Transparency &amp; Consent Framework, will also store and / or access information on a device (in other words, us… [+1046 chars]",https://consent.yahoo.com/v2/collectConsent?sessionId=1_cc-session_92ec3414-8d08-4bde-afa0-10056f22c1da,2026-03-28 00:00:00+00:00
69,AVGO,2026-03-28 13:57:04+00:00,24/7 Wall St.,John Seetoo,Why JDIV is a riskier than normal dividend growth ETF,JPMorgan Dividend Leaders ETF (NYSEARCA:JDIV) launched in September 2024 with a straightforward pitch: a global portfolio of stocks growing their dividends...,"<ul><li>JPMorgan Dividend Leaders ETF (JDIV) holds $9.9M in assets with a 1.59% yield, well below the 4.33% Treasury rate, due to concentrated positions in Taiwan Semiconductor Manufacturing (6.3%), … [+5479 chars]",https://247wallst.com/investing/2026/03/28/why-jdiv-is-a-riskier-than-normal-dividend-growth-etf/,2026-03-28 00:00:00+00:00
70,AVGO,2026-03-28 15:18:42+00:00,Yahoo Entertainment,,Broadcom (AVGO) Bags Another US Government Defense Deal,,"If you click 'Accept all', we and our partners, including 251 who are part of the IAB Transparency &amp; Consent Framework, will also store and / or access information on a device (in other words, us… [+1046 chars]",https://consent.yahoo.com/v2/collectConsent?sessionId=1_cc-session_2d0eb115-1a3d-4c6f-ba54-a38740feed9f,2026-03-28 00:00:00+00:00
71,AVGO,2026-03-29 20:20:10+00:00,Yahoo Entertainment,,Broadcom Inc. (AVGO) Introduces Its Symantec CBX Platform,,"If you click 'Accept all', we and our partners, including 251 who are part of the IAB Transparency &amp; Consent Framework, will also store and / or access information on a device (in other words, us… [+1046 chars]",https://consent.yahoo.com/v2/collectConsent?sessionId=1_cc-session_2a837ad5-7115-449f-a37b-1d716518ea4e,2026-03-29 00:00:00+00:00
72,AVGO,2026-03-30 08:19:00+00:00,GlobeNewswire,Research and Markets,"Data Center Chips Market Analysis, Trends and Growth Outlook by Region, 2026-2034","Dublin, March 30, 2026 (GLOBE NEWSWIRE) -- The ""Data Center Chip Market Report by Chip Type, Data Center Size, Industry Vertical, and Region 2026-2034"" has been added to ResearchAndMarkets.com's offering.","Dublin, March 30, 2026 (GLOBE NEWSWIRE) -- The ""Data Center Chip Market Report by Chip Type, Data Center Size, Industry Vertical, and Region 2026-2034"" has been added to ResearchAndMarkets.com's offe… [+4263 chars]",https://www.globenewswire.com/news-release/2026/03/30/3264345/28124/en/Data-Center-Chips-Market-Analysis-Trends-and-Growth-Outlook-by-Region-2026-2034.html,2026-03-30 00:00:00+00:00
73,AVGO,2026-03-30 08:21:00+00:00,GlobeNewswire,Research and Markets,High Frequency Trading (HFT) Server Market Trends and Industry Outlook Report 2026-2030: A $3.7+ Billion Opportunity,"Opportunities in the HFT server market include AI-driven strategy adoption, 5G-enabled ultra-low latency demands, growth in global financial infrastructure, and advances in FPGA and GPU acceleration Opportunities in the HFT server market include AI-driven str…","Dublin, March 30, 2026 (GLOBE NEWSWIRE) -- The ""High Frequency Trading (HFT) Server Market Report 2026"" has been added to ResearchAndMarkets.com's offering.
The high-frequency trading (HFT) server m… [+6714 chars]",https://www.globenewswire.com/news-release/2026/03/30/3264348/28124/en/High-Frequency-Trading-HFT-Server-Market-Trends-and-Industry-Outlook-Report-2026-2030-A-3-7-Billion-Opportunity.html,2026-03-30 00:00:00+00:00
74,AVGO,2026-03-30 09:25:00+00:00,Yahoo Entertainment,,Better AI Growth Buy: Broadcom vs Oracle,,"If you click 'Accept all', we and our partners, including 251 who are part of the IAB Transparency &amp; Consent Framework, will also store and / or access information on a device (in other words, us… [+1046 chars]",https://consent.yahoo.com/v2/collectConsent?sessionId=1_cc-session_0b53d1dc-4b9c-414b-a48e-f52a019ee0ec,2026-03-30 00:00:00+00:00
75,AVGO,2026-03-30 11:15:16+00:00,IPWatchdog.com,Bruce Berman,"Ninety-Eight Percent of Apple, Nvidia, Costco, Lilly and MasterCard Market Value are IP-Related Intangible Assets","The strength of many of today’s most valuable companies is based significantly on intangible assets, like trademarks, patents, trade secrets and brand reputation. Hard-assets or ""tangibles,"" like real estate and equipment, are a relative blip on many large bu…","The growth of intangible assets as a component of company market value is up 35% since 1995, and almost five-fold since 1975.
The strength of many of todays most valuable companies is based signific… [+7281 chars]",https://ipwatchdog.com/2026/03/30/ninety-eight-percent-of-apple-nvidia-costco-lilly-and-mastercard-market-value-are-ip-related-intangible-assets/,2026-03-30 00:00:00+00:00
76,AVGO,2026-03-30 13:05:00+00:00,Yahoo Entertainment,,Marvell vs. Broadcom: Which Custom Artificial Intelligence (AI) Chip Stock Has More Upside in 2026?,,"If you click 'Accept all', we and our partners, including 251 who are part of the IAB Transparency &amp; Consent Framework, will also store and / or access information on a device (in other words, us… [+1046 chars]",https://consent.yahoo.com/v2/collectConsent?sessionId=1_cc-session_f10d31e9-81f5-4615-a348-ba341f6c28f4,2026-03-30 00:00:00+00:00
77,AVGO,2026-03-30 15:20:55+00:00,Barchart.com,Rich Asplund,Markets Turn Negative as Crude Oil Prices Surge,"The S&P 500 Index ($SPX ) (SPY ) today is down -0.75%, the Dow Jones Industrial Average ($DOWI ) (DIA ) is down -0.21%, and the Nasdaq 100 Index ($IUXX...","The S&amp;P 500 Index ($SPX) (SPY) today is down -0.75%, the Dow Jones Industrial Average ($DOWI) (DIA) is down -0.21%, and the Nasdaq 100 Index ($IUXX) (QQQ) is down -1.18%.
Stock indexes turned lo… [+7126 chars]",https://www.barchart.com/story/news/1043414/stocks-supported-by-lower-bond-yields,2026-03-30 00:00:00+00:00
78,AVGO,2026-03-30 17:24:12+00:00,The Irish Times,Colin Gleeson,Oil prices rise again as global markets advance in choppy trade,Euronext Dublin deepened recent losses as it slid 0.4% with budget airline Ryanair the standout under-performer,"Benchmark oil prices extended gains on Monday, as Wall Street indexes and European shares advanced in choppy trade.
Dublin
Euronext Dublin deepened recent losses as it slid 0.4 per cent with budget… [+3503 chars]",https://www.irishtimes.com/business/2026/03/30/oil-prices-rise-again-as-global-markets-advance-in-choppy-trade/,2026-03-30 00:00:00+00:00
79,AVGO,2026-03-30 21:40:28+00:00,Pypi.org,,blue-tap added to PyPI,Bluetooth/BLE Penetration Testing Toolkit for Automotive IVI Systems,"Bluetooth/BLE Penetration Testing Toolkit for Automotive IVI Systemsby Santhosh Ballikonda · Python 3.10+ · Linux · GPLv3
Table of Contents
Purpose
Blue-Tap is a comprehensive Bluetooth and BLE pe… [+56067 chars]",https://pypi.org/project/blue-tap/,2026-03-30 00:00:00+00:00
80,AVGO,2026-03-31 04:03:00+00:00,Digitimes,Charlene Chen,"MediaTek and Airoha deepen telecom open-source platform to challenge Broadcom, Qualcomm in edge AI","Airoha announced on March 30, 2026, that it has expanded the adoption of open-source systems in networking communications, becoming the world's first fiber broadband chip platform vendor to integrate three major open-source systems—OpenWrt, RDK-B, and prplOS—…","Airoha announced on March 30, 2026, that it has expanded the adoption of open-source systems in networking communications, becoming the world's first fiber broadband chip platform vendor to integrate… [+50 chars]",https://www.digitimes.com/news/a20260331PD219/airoha-mediatek-broadcom-edge-ai-telecom.html,2026-03-31 00:00:00+00:00
81,AVGO,2026-03-31 12:11:00+00:00,GlobeNewswire,Research and Markets,Neural Network Software Market Trends and Strategies 2026-2030 & 2035,"The market presents opportunities in digital transformation, deep learning, real-time analytics, and AI-driven optimization The market presents opportunities in digital transformation, deep learning, real-time analytics, and AI-driven optimization","Dublin, March 31, 2026 (GLOBE NEWSWIRE) -- The ""Neural Network Software Market Report 2026"" has been added to ResearchAndMarkets.com's offering.
The neural network software market is witnessing robu… [+7115 chars]",https://www.globenewswire.com/news-release/2026/03/31/3265484/28124/en/Neural-Network-Software-Market-Trends-and-Strategies-2026-2030-2035.html,2026-03-31 00:00:00+00:00
82,AVGO,2026-03-31 14:50:45+00:00,Storagereview.com,Dylan Dougherty,Dell PowerEdge R4715 Review: 1U AMD EPYC Built for the Midmarket,"Dell’s 17th Generation PowerEdge family is already well-established, and with the R4715 and R5715, the lineup now targets the SMB and midmarket segments more intentionally than before. Both servers are single-socket platforms built on the same 5th Generation …","Dell’s 17th Generation PowerEdge family is already well-established, and with the R4715 and R5715, the lineup now targets the SMB and midmarket segments more intentionally than before. Both servers a… [+19781 chars]",https://www.storagereview.com/review/dell-poweredge-r4715-review-1u-amd-epyc-built-for-the-midmarket,2026-03-31 00:00:00+00:00
83,AVGO,2026-03-31 15:01:00+00:00,GlobeNewswire,Research and Markets,The Global Photonics Packaging Market 2026-2036 | AI Drives Radical Transformation in Photonics Packaging: Co-Packaged Optics Lead the Way,"Dublin, March  31, 2026  (GLOBE NEWSWIRE) -- The ""The Global Photonics Packaging Market 2026-2036"" has been added to  ResearchAndMarkets.com's offering.   ...","Dublin, March 31, 2026 (GLOBE NEWSWIRE) -- The ""The Global Photonics Packaging Market 2026-2036"" has been added to ResearchAndMarkets.com's offering.
Photonics packaging is undergoing a significant … [+5090 chars]",https://www.globenewswire.com/news-release/2026/03/31/3265758/28124/en/The-Global-Photonics-Packaging-Market-2026-2036-AI-Drives-Radical-Transformation-in-Photonics-Packaging-Co-Packaged-Optics-Lead-the-Way.html,2026-03-31 00:00:00+00:00
84,AVGO,2026-03-31 15:20:15+00:00,MarketBeat,MarketBeat,Raspberry Pi H2 Earnings Call Highlights,"Raspberry Pi (LON:RPI) management said fiscal 2025 was a “standout year,” pointing to rising unit shipments, stronger demand trends into early 2026, and a...","Raspberry Pi logo
<ul><li>Fiscal 2025 was a standout year: board/module shipments rose about 9% to ~7.67.8 million, adjusted EBITDA grew ~25% to $46.4 million and adjusted EPS rose 35% to $0.145, he… [+9321 chars]",https://www.marketbeat.com/instant-alerts/raspberry-pi-h2-earnings-call-highlights-2026-03-31/?utm_source=yahoofinance&amp;utm_medium=yahoofinance,2026-03-31 00:00:00+00:00
85,AVGO,2026-03-31 16:15:16+00:00,Theregister.com,Liam Proven,Leaked memo suggests Red Hat's chugging the AI Kool-Aid,"Sounds like an excellent time to start honing your Debian skills
Exclusive An internal memo dispatched by senior execs at Red Hat suggests the software biz is starting to push AI tooling within its Global Engineering department. RHEL may be about to get some …",Exclusive An internal memo dispatched by senior execs at Red Hat suggests the software biz is starting to push AI tooling within its Global Engineering department. RHEL may be about to get some Windo… [+11065 chars],https://www.theregister.com/2026/03/31/red_hat_ai_dev/,2026-03-31 00:00:00+00:00
86,AVGO,2026-03-31 17:14:32+00:00,Tom's Hardware UK,Luke James,Nvidia invests $2 billion in Marvell to deepen NVLink Fusion partnership — signs deal with one of its biggest competitors,Nvidia announced today that it has invested $2 billion in Marvell Technology and entered a partnership connecting Marvell to Nvidia's AI factory and AI-RAN ecosystem through NVLink Fusion.,"Nvidia announced today that it has invested $2 billion in Marvell Technology and entered a partnership connecting Marvell to Nvidia's AI factory and AI-RAN ecosystem through NVLink Fusion, the tech t… [+3307 chars]",https://www.tomshardware.com/tech-industry/nvidia-invests-2-billion-in-marvell-to-deepen-nvlink-fusion-partnership,2026-03-31 00:00:00+00:00
87,AVGO,2026-03-31 21:02:07+00:00,Openai.com,,OpenAI raises $122B to accelerate the next phase of AI,"OpenAI raises $122 billion in new funding to expand frontier AI globally, invest in next-generation compute, and meet growing demand for ChatGPT, Codex, and enterprise AI.","Today, we closed our latest funding round with $122 billion in committed capital at a post money valuation of $852 billion.
OpenAI is becoming the core infrastructure for AI, making it possible for … [+8638 chars]",https://openai.com/index/accelerating-the-next-phase-ai/,2026-03-31 00:00:00+00:00
88,AVGO,2026-03-31 22:36:56+00:00,Yahoo Entertainment,Ashar Jawad,Analysts See 61% Upside to Broadcom Inc. (AVGO),"Broadcom Inc. (NASDAQ:AVGO) is among the 8 Stocks Owned by President Donald Trump in his Stock Portfolio. As of the close of business on March 30, it sports ...","Broadcom Inc. (NASDAQ:AVGO) is among the 8 Stocks Owned by President Donald Trump in his Stock Portfolio. As of the close of business on March 30, it sports a Strong Buy rating with an average share … [+1932 chars]",https://finance.yahoo.com/markets/stocks/articles/analysts-see-61-upside-broadcom-223656556.html,2026-03-31 00:00:00+00:00
