article_id,ticker,published_at,date,source_name,author,title,description,content,content_truncated,url,sentiment_score,sentiment_label,Open,High,Low,Close,Volume,Return_1D,MA_5,MA_21,MA_126,MA_252,Volatility_21
0,AMZN,2026-03-31T20:22:09Z,2026-03-31,Slickdeals.net,babgaly,"[Prime] 13"" Bretor Flat Bottom Carbon Steel Nonstick Wok Pan w/ Black Lid $20.51 + Free Shipping","Bretor Store via Amazon [amazon.com] has for *Prime Members*: *13"" Bretor Flat Bottom Carbon Steel Nonstick Wok Pan w/ Black Lid* on sale for $34.19 - 40% off when you enter the coupon code 5Y5T6BID...",These aren't non-stick coated; they don't have a teflon or ceramic nonstick coating. They're nitrided carbon steel and seasoned normally. I have one and it's been solid; out of the box they're more n,True,https://slickdeals.net/f/19369914-prime-13-bretor-flat-bottom-carbon-steel-nonstick-wok-pan-w-black-lid-20-51-free-shipping,0.1531,positive,204.8500061035156,210.27999877929688,204.13999938964844,208.2700042724609,58470100,0.0364270088847233,205.5619995117188,210.07142857142856,224.54444449288505,218.32908739362443,0.020916519864313
1,AMZN,2026-03-31T20:23:07Z,2026-03-31,allears.net,Kendall Waltz,This Disneyland Update Is a Game-Changer,Disneyland just updated some of their FuelRod stations!,"We have the best news that will make your Disneyland trip SO much better.
Ready to charge!
If you didn’t know, we love FuelRods. They are seriously one of our favorite things in the world, and thes",True,https://allears.net/2026/03/31/this-disneyland-update-is-a-game-changer/,0.9601,positive,204.8500061035156,210.27999877929688,204.13999938964844,208.2700042724609,58470100,0.0364270088847233,205.5619995117188,210.07142857142856,224.54444449288505,218.32908739362443,0.020916519864313
2,AMZN,2026-03-31T20:26:12Z,2026-03-31,pymnts.com,PYMNTS,Amazon Targets SMB Spend as Card Expectations Shift,"For small businesses, access to credit is, in many cases, available. The problem is that many of the products offered do not reflect how those businesses operate. PYMNTS Intelligence, in tandem with Mastercard, found this month that credit cards are evaluated…","For small businesses, access to credit is, in many cases, available. The problem is that many of the products offered do not reflect how those businesses operate.PYMNTS Intelligence, in tandem with M",True,https://www.pymnts.com/smbs/2026/amazon-targets-smb-spend-as-card-expectations-shift/,0.4588,positive,204.8500061035156,210.27999877929688,204.13999938964844,208.2700042724609,58470100,0.0364270088847233,205.5619995117188,210.07142857142856,224.54444449288505,218.32908739362443,0.020916519864313
3,AMZN,2026-03-31T20:26:58Z,2026-03-31,Slickdeals.net,minntwins,7.8-Oz Cetaphil Baby Hypoallergenic Shampoo & Body Wash for Sensitive Skin $2.60 w/ S&S,Amazon [amazon.com] has *7.8-Ounce Cetaphil Tear- Free Baby Wash & Shampoo w/ Organic Calendula for Sensitive Skin* on sale for $5.87 - $2.98 off when you 'clip' the coupon on product page...,"Amazon has 7.8-Oz Cetaphil Baby Hypoallergenic Shampoo &amp; Body Washfor Sensitive Skin on sale for $5.87 - $2.98 when you ""clip"" the coupon on the product page - 5% when you check out via Subscribe",True,https://slickdeals.net/f/19368180-7-8-oz-cetaphil-baby-wash-shampoo-2-60-w-s-s-free-shipping-w-prime-or-on-35,0.1779,positive,204.8500061035156,210.27999877929688,204.13999938964844,208.2700042724609,58470100,0.0364270088847233,205.5619995117188,210.07142857142856,224.54444449288505,218.32908739362443,0.020916519864313
4,AMZN,2026-03-31T20:28:00Z,2026-03-31,CNET,Oliver Haslam,Four TP-Link Tapo Indoor Cameras for $57 Is One of the Best Amazon Spring Sale Deals Left Standing,"At just over $14 per camera, this four-pack with night vision and motion detection is worth grabbing before the sale ends today.","The Amazon Big Spring Sale wraps up today, and this is one of the deals I'd grab before it's gone. A four-pack of TP-Link Tapo 1080p indoor security cameras is down to $57 at Amazon -- that's $11 off",True,https://www.cnet.com/deals/4-tp-link-tapo-indoor-cameras-for-57-deal/,0.5859,positive,204.8500061035156,210.27999877929688,204.13999938964844,208.2700042724609,58470100,0.0364270088847233,205.5619995117188,210.07142857142856,224.54444449288505,218.32908739362443,0.020916519864313
5,AMZN,2026-03-31T20:28:00Z,2026-03-31,CNET,Kaylyn McKenna,The Waggle Pet Temperature Sensor Dropped to Its Lowest Price Ever For Amazon's Spring Sale,"Monitor your furry friend's location and environment with this smart sensor, complete with GPS tracking. But act fast, the Spring Sale officially ends tonight.","Amazon's Spring Sale is full of deals on TVs, headphones and laptops, but you can also save on tech for your pet. Right now the Waggle 4G pet temperature monitor with built-in GPS is on sale for $118",True,https://www.cnet.com/deals/waggle-pet-temperature-sensor-deal/,0.6486,positive,204.8500061035156,210.27999877929688,204.13999938964844,208.2700042724609,58470100,0.0364270088847233,205.5619995117188,210.07142857142856,224.54444449288505,218.32908739362443,0.020916519864313
6,AMZN,2026-03-31T20:29:01Z,2026-03-31,New York Post,Reuters,"Dow soars over 1,100 points as Trump sparks hope on Wall Street that Iran war is nearing end",All three major indexes posted their best day since May,"Wall Street surged on Tuesday, lifted by speculation about a potential de-escalation in the Middle East conflict that has sent oil prices soaring and fueled fears of global inflation in recent weeks",True,https://nypost.com/2026/03/31/business/dow-soars-over-1100-points-as-trump-sparks-hope-on-wall-street-that-iran-war-is-nearing-end/,-0.6249,negative,204.8500061035156,210.27999877929688,204.13999938964844,208.2700042724609,58470100,0.0364270088847233,205.5619995117188,210.07142857142856,224.54444449288505,218.32908739362443,0.020916519864313
7,AMZN,2026-03-31T20:31:12Z,2026-03-31,New York Post,Emma Sutton-Williams,Shop the trending East-West style Kate Spade bag at 61% off during Big Spring Sale,Tote this sale around.,"New York Post may be compensated and/or receive an affiliate commission if you click or buy through our links. Featured pricing is subject to change.
Today is the last day of the Amazon Big Spring S",True,https://nypost.com/2026/03/31/shopping/this-east-west-kate-spade-bag-thats-61-off-and-perfect-for-spring/,0.1779,positive,204.8500061035156,210.27999877929688,204.13999938964844,208.2700042724609,58470100,0.0364270088847233,205.5619995117188,210.07142857142856,224.54444449288505,218.32908739362443,0.020916519864313
8,AMZN,2026-03-31T20:31:46Z,2026-03-31,Deadline,Dade Hayes,Roku Subscription Streamer Howdy Introduces Stand-Alone Mobile App,"Roku’s low-priced, commercial-free movie streaming service Howdy has rolled out a stand-alone mobile app. The subscription streamer, which launched last summer, is a somewhat counter-intuitive move for the ad-revenue-focused Roku. The premise of the service, …","Roku‘s low-priced, commercial-free movie streaming service Howdy has rolled out a stand-alone mobile app.
The subscription streamer, which launched last summer, is a somewhat counter-intuitive move",True,http://deadline.com/2026/03/roku-howdy-streaming-mobile-app-launch-1236770282/,0.128,positive,204.8500061035156,210.27999877929688,204.13999938964844,208.2700042724609,58470100,0.0364270088847233,205.5619995117188,210.07142857142856,224.54444449288505,218.32908739362443,0.020916519864313
9,AMZN,2026-03-31T20:32:22Z,2026-03-31,Android Authority,Taylor Kerns,Google will now sell you a refurbished Pixel 8a for $339,"Google is expanding its refurbished offerings to include the midrange Pixel 8a, and also plans to sell refurb phones on Amazon.","<ul><li>Google is now selling refurbished Pixel 8a phones for $339.</li><li>The Pixel 8a joins the Pixel 8, Pixel 7, Pixel 7 Pro, and Pixel 7a in Googles refurbished lineup.</li><li>Googles also anno",True,https://www.androidauthority.com/google-pixel-8a-refurbs-3653720/,0.0,neutral,204.8500061035156,210.27999877929688,204.13999938964844,208.2700042724609,58470100,0.0364270088847233,205.5619995117188,210.07142857142856,224.54444449288505,218.32908739362443,0.020916519864313
10,AMZN,2026-03-31T20:36:44Z,2026-03-31,Ozbargain.com.au,hamza23,Uncle Tobys Quick or Traditional Oats 1kg $3.25 ($2.93 Sub & Save) + Delivery ($0 with Prime/ $59 Spend) @ Amazon AU,"1/2 Price (price matching Coles $3.25) + Additional 10% off on Amazon with sub & save. As always supermarket brands are cheaper, but Uncle Toby's is smoother/softer, see previous …","This post contains affiliate links. OzBargain might earn commissions when you click through and make purchases. Please see this page for more information.
1/2 Price (price matching Coles $3.25) + Ad",True,https://www.ozbargain.com.au/node/954111,0.3182,positive,204.8500061035156,210.27999877929688,204.13999938964844,208.2700042724609,58470100,0.0364270088847233,205.5619995117188,210.07142857142856,224.54444449288505,218.32908739362443,0.020916519864313
11,AMZN,2026-03-31T20:36:48Z,2026-03-31,Android Authority,Edgar Cervantes,Deal frenzy: All Amazon Echo speakers are on sale (Last day!),"Are you looking to get a new smart speaker? Amazon Echo speakers are super popular, and they are all on sale today.","All of these smart speaker offers are available directly from Amazon as part of the Big Spring Sale. This event ends tonight at 11:59 PM PDT. The discounts apply to all color versions.
Amazon Echo D",True,https://www.androidauthority.com/amazon-echo-dot-5th-gen-dot-max-studio-deals-3653641/,0.6249,positive,204.8500061035156,210.27999877929688,204.13999938964844,208.2700042724609,58470100,0.0364270088847233,205.5619995117188,210.07142857142856,224.54444449288505,218.32908739362443,0.020916519864313
12,AMZN,2026-03-31T20:37:33Z,2026-03-31,Dealnews.com,Unknown,adidas Impulse Backpack for $31 + free shipping,Amazon offers the adidas Impulse Backpack in Black for $31.48. That's a 30% savings. Shipping is free. Deal ends March 31. Buy Now at Amazon,"moreA lot of nice stuff is discounted by half in this selection. We've pictured this Patagonia Fieldsmith Roll-Top Pack 32L for $73.99 (half off.) . Shipping is free over $99, otherwise it adds aroun",True,https://www.dealnews.com/products/adidas/adidas-Impulse-Backpack/498122.html,0.743,positive,204.8500061035156,210.27999877929688,204.13999938964844,208.2700042724609,58470100,0.0364270088847233,205.5619995117188,210.07142857142856,224.54444449288505,218.32908739362443,0.020916519864313
13,AMZN,2026-03-31T20:38:06Z,2026-03-31,Writersdigest.com,Georgia McVeigh,Writing a Debut Novel—Expectation Vs. Reality,"Author Georgia McVeigh shares her experience of writing a debut novel and breaks down her expectations versus reality.
The post Writing a Debut Novel—Expectation Vs. Reality appeared first on Writer's Digest.","Like so many others, Ive always loved the idea of writing a book. There wasand to a certain extent, still isan impossible romanticism to the notion of novel writing. I pictured sitting down at a neat",True,https://www.writersdigest.com/writing-a-debut-novel-expectation-vs-reality#article,0.9186,positive,204.8500061035156,210.27999877929688,204.13999938964844,208.2700042724609,58470100,0.0364270088847233,205.5619995117188,210.07142857142856,224.54444449288505,218.32908739362443,0.020916519864313
14,AMZN,2026-03-31T20:39:34Z,2026-03-31,Deadline,Anthonypauldalessandro,‘The Weight’ Filmmaker Padraic McKinley Inks With Range Media Partners,"EXCLUSIVE: Following the acquisition of his Sundance world premiere by Vertical, The Weight filmmaker Padriac McKinley has signed with Range Media Partners.   As an editor, McKinley has cut 19 feature films and over 200 episodes of television before transitio…","EXCLUSIVE: Following the acquisition of his Sundance world premiere by Vertical, The Weight filmmaker Padriac McKinley has signed with Range Media Partners.  
As an editor, McKinley has cut 19 featu",True,http://deadline.com/2026/03/range-media-the-weight-padraic-mckinley-1236770261/,0.0343,neutral,204.8500061035156,210.27999877929688,204.13999938964844,208.2700042724609,58470100,0.0364270088847233,205.5619995117188,210.07142857142856,224.54444449288505,218.32908739362443,0.020916519864313
15,AMZN,2026-03-31T20:39:50Z,2026-03-31,Vanity Fair,Maxwell Adler,Love March Madness? Thank the Man Who Made It Easier to Watch,"More than fifteen years ago, TV exec David Levy had a bright idea: What if every NCAA tournament game could be available all at once? As he says in a new interview, it would prove to be “life changing for everybody.”","For a few weeks every March, American productivity collapses into a blur of fake doctors appointments and furtive glances at phones under conference tables as the NCAAs annual basketball tournament s",True,https://www.vanityfair.com/hollywood/story/march-madness-david-levy-interview,-0.6486,negative,204.8500061035156,210.27999877929688,204.13999938964844,208.2700042724609,58470100,0.0364270088847233,205.5619995117188,210.07142857142856,224.54444449288505,218.32908739362443,0.020916519864313
16,AMZN,2026-03-31T20:51:54Z,2026-03-31,Slickdeals.net,dubba-low,6.3-Ounce Colgate MaxFresh Cool Mint Toothpaste $1.99 + Free Shipping w/ Prime or on $35+,Amazon [amazon.com] has *6.3-Ounce Colgate MaxFresh Cool Mint Toothpaste* on sale for $3.99 - $2.00 off when you 'clip' the coupon on product page [amazon.com] = *$1.99*. Shipping is free w/ Prime or...,"This collaborative space allows users to contribute additional information, tips, and insights to enhance the original deal post. Feel free to share your knowledge and help fellow shoppers make infor",True,https://slickdeals.net/f/19369989-6-3-ounce-colgate-maxfresh-cool-mint-toothpaste-1-99-free-shipping-w-prime-or-on-35,0.8591,positive,204.8500061035156,210.27999877929688,204.13999938964844,208.2700042724609,58470100,0.0364270088847233,205.5619995117188,210.07142857142856,224.54444449288505,218.32908739362443,0.020916519864313
17,AMZN,2026-03-31T20:53:21Z,2026-03-31,Macdailynews.com,MacDailyNews,Apple tests Siri feature that could finally let it handle multiple commands at once,"Apple is quietly working on a significant upgrade to Siri that could make the long-serving digital assistant feel considerably more capable…
The post Apple tests Siri feature that could finally let it handle multiple commands at once appeared first on MacDail…","Apple’s Siri icon
Apple is quietly working on a significant upgrade to Siri that could make the long-serving digital assistant feel considerably more capable and natural to use. According to a new r",True,https://macdailynews.com/2026/03/31/apple-tests-siri-feature-that-could-finally-let-it-handle-multiple-commands-at-once/,0.774,positive,204.8500061035156,210.27999877929688,204.13999938964844,208.2700042724609,58470100,0.0364270088847233,205.5619995117188,210.07142857142856,224.54444449288505,218.32908739362443,0.020916519864313
18,AMZN,2026-03-31T20:54:08Z,2026-03-31,Just Jared,Just Jared,'Scarpetta' Stars Jamie Lee Curtis & Nicole Kidman Tease Season 2 in New Behind-the-Scenes Video,"Scarpetta stars Jamie Lee Curtis, Nicole Kidman, Simon Baker, and Bobby Cannavale have shared a fun new video teasing season 2 of the Prime Video series! The crime thriller series based on the novels by Patricia Cromwell premiered on March 11 with its eight-e…","Scarpetta stars Jamie Lee Curtis, Nicole Kidman, Simon Baker, and Bobby Cannavale have shared a fun new video teasing season 2 of the Prime Video series!
The crime thriller series based on the novel",True,https://www.justjared.com/2026/03/31/scarpetta-stars-jamie-lee-curtis-nicole-kidman-tease-season-2-in-new-behind-the-scenes-video/,0.3802,positive,204.8500061035156,210.27999877929688,204.13999938964844,208.2700042724609,58470100,0.0364270088847233,205.5619995117188,210.07142857142856,224.54444449288505,218.32908739362443,0.020916519864313
19,AMZN,2026-03-31T20:54:25Z,2026-03-31,Slickdeals.net,phoinix,Select Accounts: 4-Spool SUNLU AMS Heater (for Bambu Lab AMS Gen 1) $71.40 + Free S&H,"SUNLU 3D Store via Amazon [amazon.com] has *SUNLU AMS Heater, Compatible with Bambu Lab AMS Gen 1, Drying While Printing Filament Dryer* for $101.99 - 30% at checkout = *$71.39*. 
*Shipping is free*....","This collaborative space allows users to contribute additional information, tips, and insights to enhance the original deal post. Feel free to share your knowledge and help fellow shoppers make infor",True,https://slickdeals.net/f/19360911-ac-71-39-sunlu-ams-heater-compatible-with-bambu-lab-ams-gen-1-drying-while-printing-filament-dryer-at-amazon,0.8591,positive,204.8500061035156,210.27999877929688,204.13999938964844,208.2700042724609,58470100,0.0364270088847233,205.5619995117188,210.07142857142856,224.54444449288505,218.32908739362443,0.020916519864313
20,AMZN,2026-03-31T20:55:35Z,2026-03-31,Forbes,Antonio Pequeño Iv,OpenAI Valued At $852 Billion After Latest Funding Round,The record-breaking funding round comes as the AI company reportedly lays the groundwork for going public.,"OpenAI raised $122 billion in its latest funding round, the artificial intelligence giant announced Tuesday, bringing its post-money valuation to $852 billion.
OpenAI announced the funding round Tue",True,https://www.forbes.com/sites/antoniopequenoiv/2026/03/31/openai-valuation-reaches-852-billion-after-massive-funding-round/,0.4767,positive,204.8500061035156,210.27999877929688,204.13999938964844,208.2700042724609,58470100,0.0364270088847233,205.5619995117188,210.07142857142856,224.54444449288505,218.32908739362443,0.020916519864313
21,AMZN,2026-03-31T20:55:49Z,2026-03-31,Slickdeals.net,phoinix,"Final Fantasy VII Remake Intergrade (Switch 2, Game Key Card) $30","Amazon [amazon.com] has *Final Fantasy VII Remake Intergrade *(Switch 2, Game Key Card) for *$29.99*. 
*Shipping is free* with Prime or on $35+ orders. 
 
*Price* 
*$10* lower (25% savings) than the...","This collaborative space allows users to contribute additional information, tips, and insights to enhance the original deal post. Feel free to share your knowledge and help fellow shoppers make infor",True,https://slickdeals.net/f/19368798-final-fantasy-vii-remake-intergrade-switch-2-game-key-card-30,0.8591,positive,204.8500061035156,210.27999877929688,204.13999938964844,208.2700042724609,58470100,0.0364270088847233,205.5619995117188,210.07142857142856,224.54444449288505,218.32908739362443,0.020916519864313
22,AMZN,2026-03-31T20:59:10Z,2026-03-31,USA Today,"Lorenzo Reyes, USA TODAY",Who made Basketball Hall of Fame? Part of 2026 class revealed by report,"The Naismith Memorial Basketball Hall of Fame will announce the full Class of 2026 Saturday, April 4.","Some of the first names to be inducted into the Naismith Memorial Basketball Hall of Fame's 2026 class are starting to leak out, and the early wave includes some of the games legends.
According to E",True,https://www.usatoday.com/story/sports/nba/2026/03/31/basketball-hall-of-fame-2026-class-members-leaked/89409548007/,-0.34,negative,204.8500061035156,210.27999877929688,204.13999938964844,208.2700042724609,58470100,0.0364270088847233,205.5619995117188,210.07142857142856,224.54444449288505,218.32908739362443,0.020916519864313
23,AMZN,2026-03-31T21:00:00Z,2026-03-31,Anime News Network,Unknown,Hosana Tanaka's Megami no Ko Manga Ends With 3rd Volume,"Manga ended serialization in November, final volume shipped on Monday","Image via Amazon
©Hosana Tanaka, Shnengahsha
Shnengahsha released the third and final compiled book volume of Hosana Tanaka's Megami no Ko (The Goddess' Child) manga on Monday.
The manga ended ser",True,https://www.animenewsnetwork.com/news/2026-03-31/hosana-tanaka-megami-no-ko-manga-ends-with-3rd-volume/.235991,-0.128,negative,204.8500061035156,210.27999877929688,204.13999938964844,208.2700042724609,58470100,0.0364270088847233,205.5619995117188,210.07142857142856,224.54444449288505,218.32908739362443,0.020916519864313
24,AMZN,2026-03-31T21:00:00Z,2026-03-31,Decider,mliss1578,When Will The Sydney Sweeney Movie ‘The Housemaid’ Be Streaming on Starz?,This Certified Fresh thriller is heading to Starz!,"There’s a lot to watch on Starz as we prepare to turn the calendar from March to April. 
The final season of Outlander continues on Friday nights, Will Ferrell’s classic comedy Anchorman: The Legend",True,https://decider.com/2026/03/31/sydney-sweeney-movie-the-housemaid-streaming-starz-release-date-how-to-watch-free/,0.3612,positive,204.8500061035156,210.27999877929688,204.13999938964844,208.2700042724609,58470100,0.0364270088847233,205.5619995117188,210.07142857142856,224.54444449288505,218.32908739362443,0.020916519864313
25,AMZN,2026-03-31T21:00:00Z,2026-03-31,Eonline.com,Alexa Vazquez,The Best White Sneakers on Sale at Amazon That Go With Everything,"The shoe equivalent to a little black dress is a pair of white sneakers. Versatile and stylish, white sneakers pair with everything from jeans to sundresses.
While trending colors may come and go,...","The shoe equivalent to a little black dress is a pair of white sneakers. Versatile and stylish, white sneakers pair with everything from jeans to sundresses.
While trending colors may come and go, w",True,https://www.eonline.com/news/1430375/best-white-sneakers-go-with-everything-on-sale-at-amazon,0.0,neutral,204.8500061035156,210.27999877929688,204.13999938964844,208.2700042724609,58470100,0.0364270088847233,205.5619995117188,210.07142857142856,224.54444449288505,218.32908739362443,0.020916519864313
26,AMZN,2026-03-31T21:02:07Z,2026-03-31,Openai.com,Unknown,OpenAI raises $122B to accelerate the next phase of AI,"OpenAI raises $122 billion in new funding to expand frontier AI globally, invest in next-generation compute, and meet growing demand for ChatGPT, Codex, and enterprise AI.","Today, we closed our latest funding round with $122 billion in committed capital at a post money valuation of $852 billion.
OpenAI is becoming the core infrastructure for AI, making it possible for",True,https://openai.com/index/accelerating-the-next-phase-ai/,0.2732,positive,204.8500061035156,210.27999877929688,204.13999938964844,208.2700042724609,58470100,0.0364270088847233,205.5619995117188,210.07142857142856,224.54444449288505,218.32908739362443,0.020916519864313
27,AMZN,2026-03-31T21:02:15Z,2026-03-31,9to5Toys,Reinette LeJeune,No room for a garden? Grow fresh herbs in your kitchen with AeroGarden’s Sprout indoor hydroponic system while down at $40,"As part of the Amazon Big Spring Sale, you can grab the AeroGarden Sprout Indoor Hydroponic Garden for $39.96 shipped in its black colorway, down from its $60 full price. Since October, we’ve only seen the price drop down this low for a short two-day period b…","As part of the Amazon Big Spring Sale, you can grab the AeroGarden Sprout Indoor Hydroponic Garden for $39.96 shipped in its black colorway, down from its $60 full price. Since October, we’ve only se",True,http://9to5toys.com/2026/03/31/aerogardens-sprout-indoor-hydroponic-system-at-40/,0.1779,positive,204.8500061035156,210.27999877929688,204.13999938964844,208.2700042724609,58470100,0.0364270088847233,205.5619995117188,210.07142857142856,224.54444449288505,218.32908739362443,0.020916519864313
28,AMZN,2026-03-31T21:02:34Z,2026-03-31,Slickdeals.net,Immortalsolitude,Redragon K668 RGB Wired Gaming Keyboard (Red Switch) $33 & More,"Redragon Shop via Amazon has Redragon K668 RGB Wired Gaming Keyboard (Red Switch) on sale for $32.99. Shipping is free with Prime or on $35+ orders.

Redragon Shop via Amazon also has Redragon K668","This collaborative space allows users to contribute additional information, tips, and insights to enhance the original deal post. Feel free to share your knowledge and help fellow shoppers make infor",True,https://slickdeals.net/f/19364970-redragon-k668-rgb-wired-gaming-keyboard-red-switch-33-more,0.8591,positive,204.8500061035156,210.27999877929688,204.13999938964844,208.2700042724609,58470100,0.0364270088847233,205.5619995117188,210.07142857142856,224.54444449288505,218.32908739362443,0.020916519864313
29,AMZN,2026-03-31T21:08:17Z,2026-03-31,Windows Central,Alexander Cope,"The RAM Crisis is price-gouging storage units, but the ""definitive"" 1TB SSD for gaming handhelds is sideswiping them with this sweet 25% discount","Amazon is hosting a special 25% discount for the vaunted WD_Black SN770M SSD in honor of World Backup Day, allowing portable gamers to upgrade their handheld console's storage size for less.","The AI-induced RAM Crisis has helped drive the price of electronic devices exponentially high across the board. One of the hardest hit pieces of tech hit by this crisis is storage units, as prices fo",True,https://www.windowscentral.com/hardware/storage/the-ram-crisis-is-price-gouging-storage-units-but-the-definitive-1tb-ssd-for-gaming-handhelds-is-sideswiping-them-with-this-sweet-25-percent-discount,-0.8743,negative,204.8500061035156,210.27999877929688,204.13999938964844,208.2700042724609,58470100,0.0364270088847233,205.5619995117188,210.07142857142856,224.54444449288505,218.32908739362443,0.020916519864313
30,AMZN,2026-03-31T21:10:36Z,2026-03-31,Hip2save.com,Misty (Hip Sidekick),Educational Insights Squeegee Art Kit Just $13.99 on Amazon (Reg. $23),"For a limited time, dash over to Amazon where they are offering this Educational Insights Squeegee Art Kit for just $13.99 (regularly $22.99)! Note that this is a lightning deal and may sell out quick! Educational Insights Squeegee Art Kit Only $13.99 (reg. $…","ONLY THE BEST DEALS - NO JUNK! 
ONLY THE BEST DEALS - NO JUNK!",False,https://hip2save.com/deals/squeegee-art-kit/,0.7639,positive,204.8500061035156,210.27999877929688,204.13999938964844,208.2700042724609,58470100,0.0364270088847233,205.5619995117188,210.07142857142856,224.54444449288505,218.32908739362443,0.020916519864313
31,AMZN,2026-03-31T21:12:56Z,2026-03-31,NBCSports.com,Vaughn Dalzell,"NBA Predictions for Most Improved Player and Sixth Man of the Year: Keldon Johnson, Nickeil Alexander-Walker",Vaughn Dalzell predicts the NBA's Most Improved and Sixth Man of the Year markets.,"The NBA's postseason begins in two weeks and as the regular season wraps up, the awards market start to become one-way traffic. Two awards that are still up in the air are Sixth Man of the Year and M",True,https://www.nbcsports.com/betting/nba/news/nba-predictions-for-most-improved-player-and-sixth-man-of-the-year-keldon-johnson-nickeil-alexander-walker,0.7184,positive,204.8500061035156,210.27999877929688,204.13999938964844,208.2700042724609,58470100,0.0364270088847233,205.5619995117188,210.07142857142856,224.54444449288505,218.32908739362443,0.020916519864313
32,AMZN,2026-03-31T21:17:00Z,2026-03-31,Amazon.com,aws@amazon.com,Amazon OpenSearch Service introduces agentic AI for log analytics,Amazon OpenSearch Service now offers agentic AI capabilities that enable engineering and support teams to analyze log data through an agentic conversational interface. These agentic AI features help simplify log querying and accelerate incident investigations…,Amazon OpenSearch Service now offers agentic AI capabilities that enable engineering and support teams to analyze log data through an agentic conversational interface. These agentic AI features help,True,https://aws.amazon.com/about-aws/whats-new/2026/03/opensearch-agentic-ai-log-analytics-observability/,0.7269,positive,204.8500061035156,210.27999877929688,204.13999938964844,208.2700042724609,58470100,0.0364270088847233,205.5619995117188,210.07142857142856,224.54444449288505,218.32908739362443,0.020916519864313
33,AMZN,2026-03-31T21:17:03Z,2026-03-31,The Next Web,Cristian Dina,"OpenAI closes record $122 billion round at $852 billion valuation, opens door to retail investors for the first time","There is a number that keeps getting larger, and on Tuesday it got larger again. OpenAI announced that it had closed its latest funding round with $122 billion in committed capital, valuing the ChatGPT maker at $852 billion post-money. The figure is up from t…","There is a number that keeps getting larger, and on Tuesday it got larger again. OpenAI announced that it had closed its latest funding round with $122 billion in committed capital, valuing the ChatG",True,https://thenextweb.com/news/openai-122-billion-round-852-billion-valuation-retail-investors/,0.5859,positive,204.8500061035156,210.27999877929688,204.13999938964844,208.2700042724609,58470100,0.0364270088847233,205.5619995117188,210.07142857142856,224.54444449288505,218.32908739362443,0.020916519864313
34,AMZN,2026-03-31T21:20:42Z,2026-03-31,Slickdeals.net,pennysave,44mm Amazfit T-Rex 3 Pro Outdoor Smart Watch (Arctic Gold) $200 + Free S&H w/ Amazon Prime,Woot has 44mm Amazfit T-Rex 3 Pro Outdoor Smart Watch (Arctic Gold) for $199.99. Shipping is free for Amazon Prime Members (must login with your Amazon account and select a shipping address in order f,"if they ever make all the features work as advertised it will be a great dealhopefully will make Garmin rein in their insane prices
DC Rainmaker says Amazfit is good but not great
https://www.dcrai",True,https://slickdeals.net/f/19367778-199-99-new-amazfit-t-rex-3-pro-outdoor-smart-watch-44mm-arctic-gold-at-woot,-0.4197,negative,204.8500061035156,210.27999877929688,204.13999938964844,208.2700042724609,58470100,0.0364270088847233,205.5619995117188,210.07142857142856,224.54444449288505,218.32908739362443,0.020916519864313
35,AMZN,2026-03-31T21:21:15Z,2026-03-31,pymnts.com,PYMNTS,Tenex Raises $250 Million as AI Security Spending Accelerates,"Cybersecurity startup Tenex has raised $250 million in new funding at a valuation exceeding $1 billion. According to a Tuesday (March 31) Bloomberg report, the fundraise signaled continued investor demand for artificial intelligence (AI) tools that can defend…","Cybersecurity startup Tenex has raised $250 million in new funding at a valuation exceeding $1 billion.According to a Tuesday (March 31) Bloomberg report, the fundraise signaled continued investor de",True,https://www.pymnts.com/news/investment-tracker/2026/tenex-raises-250-million-as-ai-security-spending-accelerates/,0.0,neutral,204.8500061035156,210.27999877929688,204.13999938964844,208.2700042724609,58470100,0.0364270088847233,205.5619995117188,210.07142857142856,224.54444449288505,218.32908739362443,0.020916519864313
36,AMZN,2026-03-31T21:25:12Z,2026-03-31,Wired,"Dell Cameron, Louise Matsakis",Iran Threatens to Start Attacking Major US Tech Firms on April 1,"Tech giants like Apple, Google, and Microsoft are among those on a target list released by Iran’s Islamic Revolutionary Guard Corps.",Irans Islamic Revolutionary Guard Corps warned Tuesday that it plans to begin attacking more than a dozen American companies across the Middle East on Wednesday in retaliation for the killing of Iran,True,https://www.wired.com/story/iran-threatens-to-start-attacking-major-us-tech-firms-on-april-1/,-0.8591,negative,204.8500061035156,210.27999877929688,204.13999938964844,208.2700042724609,58470100,0.0364270088847233,205.5619995117188,210.07142857142856,224.54444449288505,218.32908739362443,0.020916519864313
37,AMZN,2026-03-31T21:25:43Z,2026-03-31,CNET,Meara Isenberg,You Can Now Shop for Amazon Items on Samsung TV Plus,Here's what to know about the Amazon Live FAST channel on the streaming service.,"If you own a Samsung device and your Amazon cart is looking a little bare, a new collaboration could help you fill it. Free streaming service Samsung TV Plus has added an Amazon Live FAST (free, ad-s",True,https://www.cnet.com/tech/services-and-software/you-can-now-shop-amazon-on-samsung-tv-plus/,0.8934,positive,204.8500061035156,210.27999877929688,204.13999938964844,208.2700042724609,58470100,0.0364270088847233,205.5619995117188,210.07142857142856,224.54444449288505,218.32908739362443,0.020916519864313
38,AMZN,2026-03-31T21:25:45Z,2026-03-31,Dealnews.com,Unknown,Open-Box Onn Gaming Headset for $9.90 + free shipping,"Use promo code ""VIPOUTLETMARCH"" for this price on this Onn gaming headset for a $20 low. Shipping is free. Deal ends April 1st at 3:00am ET. Buy Now at eBay
 Features
 <ul> <li>7.1 virtual surround sound mode</li> <li>7-color LED lighting mode</li> <li>Mode…","moreCheckout via the on-page lightning deal to save nearly 40% off, making these Sony headphones not only the best price we've seen, but their best ever price on Amazon. But act quickly! This deal is",True,https://www.dealnews.com/products/Onn/Gaming-Headset/498123.html,0.8425,positive,204.8500061035156,210.27999877929688,204.13999938964844,208.2700042724609,58470100,0.0364270088847233,205.5619995117188,210.07142857142856,224.54444449288505,218.32908739362443,0.020916519864313
39,AMZN,2026-03-31T21:28:26Z,2026-03-31,TechCrunch,Rebecca Bellan,"OpenAI, not yet public, raises $3B from retail investors in monster $122B fund raise | TechCrunch","OpenAI's latest funding round, led by Amazon, Nvidia, and SoftBank, values the AI lab at $852 billion as it nears an IPO.","OpenAI has closed a deal to raise $122 billion at an $852 billion valuation, its largest funding round to date as the company is expected to hit the public markets this year.
The round will add to O",True,https://techcrunch.com/2026/03/31/openai-not-yet-public-raises-3b-from-retail-investors-in-monster-122b-fund-raise/,0.0,neutral,204.8500061035156,210.27999877929688,204.13999938964844,208.2700042724609,58470100,0.0364270088847233,205.5619995117188,210.07142857142856,224.54444449288505,218.32908739362443,0.020916519864313
40,AMZN,2026-03-31T21:29:57Z,2026-03-31,Slickdeals.net,Red_Liz | Staff,"FLEXISPOT 100.4"" SF6 Cloud Modular Sectional Sofa w/ Storage Ottoman $300 + Free Shipping (3 replies)","FlexiSpot via Amazon [amazon.com] has FLEXISPOT 100.4"" SF6 Cloud Modular Sectional Sofa w/ Storage Ottoman for $599.99 - $300 off w/ code B9HR4I7N at checkout = $299.99. Shipping is free.

Produc","This collaborative space allows users to contribute additional information, tips, and insights to enhance the original deal post. Feel free to share your knowledge and help fellow shoppers make infor",True,https://slickdeals.net/f/19370082-flexispot-100-4-sf6-cloud-modular-sectional-sofa-w-storage-ottoman-300-free-shipping,0.8591,positive,204.8500061035156,210.27999877929688,204.13999938964844,208.2700042724609,58470100,0.0364270088847233,205.5619995117188,210.07142857142856,224.54444449288505,218.32908739362443,0.020916519864313
41,AMZN,2026-03-31T21:30:00Z,2026-03-31,ComicBook.com,Logan Moore,Nintendo Switch Exclusive Game From 2019 Taken Off eShop Without Warning,"A Nintendo Switch game that launched on the console in 2019 and has remained exclusive to the platform has suddenly been taken off the eShop. By all accounts, 2019 was one of the best years that the Switch saw throughout its life cycle. Games like Fire Emblem…","A Nintendo Switch game that launched on the console in 2019 and has remained exclusive to the platform has suddenly been taken off the eShop. By all accounts, 2019 was one of the best years that the",True,http://comicbook.com/gaming/news/nintendo-switch-games-2019-delisted-eshop/,0.7351,positive,204.8500061035156,210.27999877929688,204.13999938964844,208.2700042724609,58470100,0.0364270088847233,205.5619995117188,210.07142857142856,224.54444449288505,218.32908739362443,0.020916519864313
42,AMZN,2026-03-31T21:30:00Z,2026-03-31,New York Post,Angela Tricarico,I go to Disney World a lot — this is the only guide you’ll ever need to build your park bag,Save on all of these theme park essentials during Amazon's Big Spring Sale.,"New York Post may be compensated and/or receive an affiliate commission if you click or buy through our links. Featured pricing is subject to change.
I have this down to a science. 
As Post Wanted’",True,https://nypost.com/2026/03/31/shopping/theme-park-and-disney-world-essentials-to-shop-during-amazon-big-spring-sale/,0.0,neutral,204.8500061035156,210.27999877929688,204.13999938964844,208.2700042724609,58470100,0.0364270088847233,205.5619995117188,210.07142857142856,224.54444449288505,218.32908739362443,0.020916519864313
43,AMZN,2026-03-31T21:30:09Z,2026-03-31,Slickdeals.net,phoinix | Staff,$65.99 | GIGABYTE H810M Gaming WIFI6 Intel Core Ultra (Series 2) LGA 1851 Motherboard at Amazon (2 replies),"Amazon [amazon.com] has GIGABYTE H810M Gaming WIFI6 Intel Core Ultra (Series 2) LGA 1851 Motherboard for $65.99.
Shipping is free.

Price
$79 lower (54% savings) than the list price of $144.99
$21 low","This collaborative space allows users to contribute additional information, tips, and insights to enhance the original deal post. Feel free to share your knowledge and help fellow shoppers make infor",True,https://slickdeals.net/f/19370085-65-99-gigabyte-h810m-gaming-wifi6-intel-core-ultra-series-2-lga-1851-motherboard-at-amazon,0.8591,positive,204.8500061035156,210.27999877929688,204.13999938964844,208.2700042724609,58470100,0.0364270088847233,205.5619995117188,210.07142857142856,224.54444449288505,218.32908739362443,0.020916519864313
44,AMZN,2026-03-31T21:34:29Z,2026-03-31,Breitbart News,Breitbart News,Sophie Turner Injury Halts 'Tomb Raider' Filming,"(UPI) — Amazon MGM Studios had to pause filming on its much-anticipated new series Tomb Raider, starring Sophie Turner.
The post Sophie Turner Injury Halts ‘Tomb Raider’ Filming appeared first on Breitbart.","March 30 (UPI) Amazon MGM Studios had to pause filming on its much-anticipated new series Tomb Raider, starring Sophie Turner.
On Monday, in a statement to Deadline the studio said Sophie Turner rec",True,https://www.breitbart.com/entertainment/2026/03/31/sophie-turner-injury-halts-tomb-raider-filming/,0.1779,positive,204.8500061035156,210.27999877929688,204.13999938964844,208.2700042724609,58470100,0.0364270088847233,205.5619995117188,210.07142857142856,224.54444449288505,218.32908739362443,0.020916519864313
45,AMZN,2026-03-31T21:35:20Z,2026-03-31,CNET,Oscar Gonzalez,How to Watch the 1993 'Super Mario Bros.' Movie,Here's where to watch the original Mario Bros. movie that gives the impression that no one who made the film ever played the game.,"The Super Mario Galaxy Movie opens on Wednesday, and it will likely be another blockbuster hit for Nintendo, like its predecessor. That movie, however, wasn't the first time the Mario Bros. hit the b",True,https://www.cnet.com/tech/services-and-software/how-to-watch-the-1993-super-mario-bros-movie/,0.8834,positive,204.8500061035156,210.27999877929688,204.13999938964844,208.2700042724609,58470100,0.0364270088847233,205.5619995117188,210.07142857142856,224.54444449288505,218.32908739362443,0.020916519864313
46,AMZN,2026-03-31T21:36:24Z,2026-03-31,Page Six,Hannah Southwick,Kyle Richards swears by this under-$20 sports bra: ‘Holds everything in’,"Plus, the sneakers she loves so much, she buys ""two or three"" at a time.","Page Six may be compensated and/or receive an affiliate commission if you click or buy through our links. Featured pricing is subject to change.
Kyle Richards’ athleisure picks support her workout g",True,https://pagesix.com/2026/03/31/style/kyle-richards-swears-by-this-17-amazon-sports-bra-so-cute/,0.4019,positive,204.8500061035156,210.27999877929688,204.13999938964844,208.2700042724609,58470100,0.0364270088847233,205.5619995117188,210.07142857142856,224.54444449288505,218.32908739362443,0.020916519864313
47,AMZN,2026-03-31T21:39:01Z,2026-03-31,GamesRadar+,George Marston,"The Boys' final season is officially finished as creator Eric Kripke says farewell to ""the best professional experience of my life""",That's a wrap on production for The Boys season 5 as the show prepares to end its run,"The final episode of the final season of The Boys is a wrap. Showrunner Eric Kripke shared the news on his social media, declaring that production of The Boys season 5 is done, and therefore, so is t",True,https://www.gamesradar.com/entertainment/superhero-shows/the-boys-final-season-is-officially-finished-as-creator-eric-kripke-says-farewell-to-the-best-professional-experience-of-my-life/,0.34,positive,204.8500061035156,210.27999877929688,204.13999938964844,208.2700042724609,58470100,0.0364270088847233,205.5619995117188,210.07142857142856,224.54444449288505,218.32908739362443,0.020916519864313
48,AMZN,2026-03-31T21:40:00Z,2026-03-31,IGN,Noah Hunter,Last Chance: Save 25% On the Pokémon Movie Collection Blu-ray During the Amazon Spring Sale,Gotta catch this deal before it's too late!,"Amazon's Big Spring Sale is almost over, and now is the time to score deals before the sale ends tomorrow. While the '3 for 2' deal for movies, books, and vinyl has ended, there are still some great",True,https://www.ign.com/articles/the-pokemon-movie-collection-blu-ray-deal-amazon-spring-sale-2026,0.6249,positive,204.8500061035156,210.27999877929688,204.13999938964844,208.2700042724609,58470100,0.0364270088847233,205.5619995117188,210.07142857142856,224.54444449288505,218.32908739362443,0.020916519864313
49,AMZN,2026-03-31T21:43:02Z,2026-03-31,ZDNet,Nina Raemont,This minimalist smartwatch by one of my favorite tech companies is under $100 right now,"On the final day of Amazon's Spring Sale, grab the CMF by Nothing Watch Pro 3 for $69.","CMF/ZDNET
Follow ZDNET: Add us as a preferred source on Google.
I don't have much tech on my wishlist these days - it's a blessing as a tech reviewer to test out every new gadget. But one product I",True,https://www.zdnet.com/article/this-minimalist-smartwatch-by-one-of-my-favorite-tech-companies-is-under-100-right-now/,0.2732,positive,204.8500061035156,210.27999877929688,204.13999938964844,208.2700042724609,58470100,0.0364270088847233,205.5619995117188,210.07142857142856,224.54444449288505,218.32908739362443,0.020916519864313
50,AMZN,2026-03-31T21:45:00Z,2026-03-31,IGN,Danielle Abraham,Apple AirPods Max Are $150 Off at Woot,Don’t miss your chance to snag these top-tier noise-canceling headphones back at their lowest price,"Its your last chance to save during Amazons Big Spring Sale
. However, its not the only place where you can score some awesome discounts. Woot, the Amazon-owned deals website, has plenty of items av",True,https://www.ign.com/articles/apple-airpods-max-are-150-off-at-woot,0.9001,positive,204.8500061035156,210.27999877929688,204.13999938964844,208.2700042724609,58470100,0.0364270088847233,205.5619995117188,210.07142857142856,224.54444449288505,218.32908739362443,0.020916519864313
51,AMZN,2026-03-31T21:46:00Z,2026-03-31,PCMag.com,Michael Kan,Amazon Leo to Test Custom Satellite Dish With Israeli Firm,"The test would involve an Israeli company called Get SAT, which sells satellite antenna equipment to clients, including defense groups and enterprises.
Amazon has been working with an Israeli company on a custom antenna to connect to the company’s Starlink ch…","Amazon has been working with an Israeli company on a custom antenna to connect to the companys Starlink challenger, Leo. 
In a filing last week with the Federal Communications Commission, Amazon ask",True,https://uk.pcmag.com/networking/164167/amazon-leo-to-test-custom-satellite-dish-with-israeli-firm,0.4404,positive,204.8500061035156,210.27999877929688,204.13999938964844,208.2700042724609,58470100,0.0364270088847233,205.5619995117188,210.07142857142856,224.54444449288505,218.32908739362443,0.020916519864313
52,AMZN,2026-03-31T21:46:00Z,2026-03-31,PCMag.com,Michael Kan,Amazon Leo to Test Custom Satellite Dish With Israeli Firm,"The test would involve an Israeli company called Get SAT, which sells satellite antenna equipment to clients, including defense groups and enterprises.
Amazon has been working with an Israeli company on a custom antenna to connect to the company’s Starlink ch…","Amazon has been working with an Israeli company on a custom antenna to connect to the companys Starlink challenger, Leo. 
In a filing last week with the Federal Communications Commission, Amazon ask",True,https://me.pcmag.com/en/networking/36316/amazon-leo-to-test-custom-satellite-dish-with-israeli-firm,0.4404,positive,204.8500061035156,210.27999877929688,204.13999938964844,208.2700042724609,58470100,0.0364270088847233,205.5619995117188,210.07142857142856,224.54444449288505,218.32908739362443,0.020916519864313
53,AMZN,2026-03-31T21:46:09Z,2026-03-31,Slickdeals.net,phoinix,"[AC] $16.14 | 2 × 1kg SUNLU ABS Like Resin for 3D Printer, 405nm UV Curing Photopolymer Rapid 3D Resin ($8.07 each) at Amazon","SUNLU-US via Amazon [amazon.com] has 1kg SUNLU ABS Like Resin for 3D Printer, 405nm UV Curing Photopolymer Rapid 3D Resin 2 for $32.28 - (multibuy discount) = $16.14.
Shipping is free with Prime or on","This collaborative space allows users to contribute additional information, tips, and insights to enhance the original deal post. Feel free to share your knowledge and help fellow shoppers make infor",True,https://slickdeals.net/f/19370121-ac-16-14-2-1kg-sunlu-abs-like-resin-for-3d-printer-405nm-uv-curing-photopolymer-rapid-3d-resin-8-07-each-at-amazon,0.8591,positive,204.8500061035156,210.27999877929688,204.13999938964844,208.2700042724609,58470100,0.0364270088847233,205.5619995117188,210.07142857142856,224.54444449288505,218.32908739362443,0.020916519864313
54,AMZN,2026-03-31T21:50:53Z,2026-03-31,Slickdeals.net,babgaly | Staff,"68"" QiMH Industrial Stepless Dimmable Tree Floor Lamp w/ 3 LED Bulbs $34.99 + Free Shipping w/ Prime or on $35+ (0 replies)","QiMH via Amazon [amazon.com] has 68"" QiMH Industrial Stepless Dimmable Tree Floor Lamp w/ 3 LED Bulbs (Gold) on sale for $49.99 - $15 off when you enter the coupon code G9SR62ZU =$34.99. Shipping","This collaborative space allows users to contribute additional information, tips, and insights to enhance the original deal post. Feel free to share your knowledge and help fellow shoppers make infor",True,https://slickdeals.net/f/19370130-68-qimh-industrial-stepless-dimmable-tree-floor-lamp-w-3-led-bulbs-34-99-free-shipping-w-prime-or-on-35,0.8591,positive,204.8500061035156,210.27999877929688,204.13999938964844,208.2700042724609,58470100,0.0364270088847233,205.5619995117188,210.07142857142856,224.54444449288505,218.32908739362443,0.020916519864313
55,AMZN,2026-03-31T21:52:15Z,2026-03-31,Slickdeals.net,KUJayhawk08,"Armaf Odyssey Mega Limited Edition for Men Eau de Parfum Spray, 3.4 Ounce (Clone of YSL Y EDP) $20.99","Clone of YSL Y EDP. 
 
Shipped and sold by Amazon. 
 
https://www.amazon.com/ARMAF-Odys...B0CGDQKQDJ 
 
https://www.fragrantica.com/perfu...83133.html","This collaborative space allows users to contribute additional information, tips, and insights to enhance the original deal post. Feel free to share your knowledge and help fellow shoppers make infor",True,https://slickdeals.net/f/19370136-armaf-odyssey-mega-limited-edition-for-men-eau-de-parfum-spray-3-4-ounce-clone-of-ysl-y-edp-20-99-at-amazon,0.8591,positive,204.8500061035156,210.27999877929688,204.13999938964844,208.2700042724609,58470100,0.0364270088847233,205.5619995117188,210.07142857142856,224.54444449288505,218.32908739362443,0.020916519864313
56,AMZN,2026-03-31T21:59:22Z,2026-03-31,Dealnews.com,Unknown,De'Longhi Big Spring Sale at Amazon: Up to 40% off + free shipping,Amazon's Big Spring Sale includes De'Longhi espresso machines marked 15% to 40% off. The pictured De'Longhi Dedica Maestro Plus Espresso Machine is $299.93 ($200 off). Sale ends March 31. Shop Now at Amazon,"moreYou'd pay $200 for this same Ninja PossibleCooker PRO Plus today at Amazon, so this is an amazing price at Walmart. It's also the best deal we've ever seen for this model. Shipping is free, too.",True,https://www.dealnews.com/De-Longhi-Big-Spring-Sale-at-Amazon-Up-to-40-off-free-shipping/21819529.html,0.9118,positive,204.8500061035156,210.27999877929688,204.13999938964844,208.2700042724609,58470100,0.0364270088847233,205.5619995117188,210.07142857142856,224.54444449288505,218.32908739362443,0.020916519864313
57,AMZN,2026-03-31T21:59:47Z,2026-03-31,The Verge,Sheena Vasani,You can grab a four-pack of Govee’s color-changing smart bulbs for just $27,"Spring cleaning isn’t just about clearing things out. It’s also a chance to refresh your living space, and a simple place to start is smart lighting — specifically, Govee’s Smart A19 LED Light Bulbs. The color-changing bulbs can instantly change the vibe of y…","<ul><li></li><li></li><li></li></ul>
The Matter-compatible smart lights can sync to music or illuminate any living space with more than 16 million colors.
The Matter-compatible smart lights can syn",True,https://www.theverge.com/gadgets/904698/govee-smart-a19-led-color-bulbs-amazon-big-spring-sale-2026-deal,0.6597,positive,204.8500061035156,210.27999877929688,204.13999938964844,208.2700042724609,58470100,0.0364270088847233,205.5619995117188,210.07142857142856,224.54444449288505,218.32908739362443,0.020916519864313
58,AMZN,2026-03-31T21:59:52Z,2026-03-31,Slickdeals.net,phoinix,"$1719.99 | APC Smart-UPS 1500VA Lithium Ion UPS, SMTL1500RM3UCNC at Amazon","Amazon [amazon.com] has *APC Smart-UPS 1500VA Lithium Ion UPS, SMTL1500RM3UCNC* for *$1719.99*. 
*Shipping is free*. 
 
*Price* 
*$667.14* lower (28% savings) than the *typical* price of *$2387.13*...","This collaborative space allows users to contribute additional information, tips, and insights to enhance the original deal post. Feel free to share your knowledge and help fellow shoppers make infor",True,https://slickdeals.net/f/19370142-1719-99-apc-smart-ups-1500va-lithium-ion-ups-smtl1500rm3ucnc-at-amazon,0.8591,positive,204.8500061035156,210.27999877929688,204.13999938964844,208.2700042724609,58470100,0.0364270088847233,205.5619995117188,210.07142857142856,224.54444449288505,218.32908739362443,0.020916519864313
59,AMZN,2026-03-31T22:00:00Z,2026-03-31,TechRadar,"jacob.krol@futurenet.com (Jacob Krol) , Jacob Krol","Delta is finally joining the faster satellite Wi-Fi craze with Amazon — but if you want in-flight satellite now, you’ll still want to book United","Delta Air Lines is bringing faster, satellite-powered Wi-Fi to its planes via Amazon’s Leo network — but with the rollout not starting until 2028, United Airlines remains the better bet for high-speed connectivity right now.","<ul><li>Delta is partnering with Amazon’s LEO for faster, satellite-powered in-flight Wi-Fi</li><li>Installs will start in 2028 on 500 aircraft types</li><li>United still leads for now with Starlink",True,https://www.techradar.com/computing/internet/delta-is-finally-joining-the-faster-satellite-wi-fi-craze-with-amazon-but-if-you-want-in-flight-satellite-now-youll-still-want-to-book-united,0.0,neutral,204.8500061035156,210.27999877929688,204.13999938964844,208.2700042724609,58470100,0.0364270088847233,205.5619995117188,210.07142857142856,224.54444449288505,218.32908739362443,0.020916519864313
60,AMZN,2026-03-31T22:00:00Z,2026-03-31,GeekTyrant,Joey Paur,"PROJECT HAIL MARY Hits $300 Million, SCREAM 7 Crosses $200 Million, and THEY WILL KILL YOU Bombs","Project Hail Mary has officially cleared $300 million at the global box office, landing at $300.8 million worldwide and cementing itself as the highest-grossing film in Amazon MGM's history. That knocks Creed III off its throne, the 2023 boxing sequel had hel…","Project Hail Maryhas officially cleared $300 million at the global box office, landing at $300.8 million worldwide and cementing itself as the highest-grossing film in Amazon MGM's history. 
That kn",True,https://geektyrant.com/news/project-hail-mary-hits-300-million-scream-7-crosses-200-million-and-they-will-kill-you-bombs,0.34,positive,204.8500061035156,210.27999877929688,204.13999938964844,208.2700042724609,58470100,0.0364270088847233,205.5619995117188,210.07142857142856,224.54444449288505,218.32908739362443,0.020916519864313
61,AMZN,2026-03-31T22:01:48Z,2026-03-31,The Next Web,Allison Steffens Herrera,Iran’s Revolutionary Guards just named 18 US tech firms as military targets. The age of the civilian data centre is over.,"At 8pm Tehran time on Tuesday, a new kind of front line was drawn, not through desert terrain or along a disputed border, but through the server farms, cloud regions, and corporate campuses of America’s largest technology companies. The Islamic Revolutionary …","At 8pm Tehran time on Tuesday, a new kind of front line was drawn, not through desert terrain or along a disputed border, but through the server farms, cloud regions, and corporate campuses of Americ",True,https://thenextweb.com/news/iran-irgc-18-us-tech-companies-military-targets/,-0.1779,negative,204.8500061035156,210.27999877929688,204.13999938964844,208.2700042724609,58470100,0.0364270088847233,205.5619995117188,210.07142857142856,224.54444449288505,218.32908739362443,0.020916519864313
62,AMZN,2026-03-31T22:03:21Z,2026-03-31,Forbes,"Alyssa Jaffer, Contributor, 
 Alyssa Jaffer, Contributor
 https://www.forbes.com/sites/alyssajaffer/",‘Scarpetta’ Creator Liz Sarnoff On Centering Women On The Silver Screen,Emmy nominated executive producer Liz Sarnoff shares the importance of creating women led stories in Hollywood.,"Kay Scarpetta (Nicole Kidman) 
Connie Chornuk/Prime
You may have binged the new drama series Scarpetta starring Nicole Kidman this month, the latest series from nine-time Emmy-nominated television",True,https://www.forbes.com/sites/alyssajaffer/2026/03/31/scarpetta-creator-liz-sarnoff-on-centering-women-with-agency-on-the-silver-screen/,0.0,neutral,204.8500061035156,210.27999877929688,204.13999938964844,208.2700042724609,58470100,0.0364270088847233,205.5619995117188,210.07142857142856,224.54444449288505,218.32908739362443,0.020916519864313
63,AMZN,2026-03-31T22:05:35Z,2026-03-31,Amazon.com,Unknown,AWS App Runner availability change - AWS App Runner,"AWS App Runner will no longer be open to new customers starting April 30, 2026. If you would like to use App Runner, sign up prior to that date. Existing customers can continue to use the service as normal. For more information, see AWS App Runner availabilit…","AWS App Runner will no longer be open to new customers starting April 30, 2026. If you would like to use
 App Runner, sign up prior to that date. Existing customers can continue to use the service a",True,https://docs.aws.amazon.com/apprunner/latest/dg/apprunner-availability-change.html,0.0772,positive,204.8500061035156,210.27999877929688,204.13999938964844,208.2700042724609,58470100,0.0364270088847233,205.5619995117188,210.07142857142856,224.54444449288505,218.32908739362443,0.020916519864313
64,AMZN,2026-03-31T22:06:09Z,2026-03-31,New York Post,Angela Tricarico,"The Big Spring Sale ends in a few hours, but these Sony headphones are still at their lowest price ever","The noise cancellation on these is so good, I missed my train getting diverted.","New York Post may be compensated and/or receive an affiliate commission if you click or buy through our links. Featured pricing is subject to change.
It’s been a great week of deals, but Amazon’s Bi",True,https://nypost.com/2026/03/31/shopping/get-sony-xm5-headphones-at-lowest-price-ever-during-amazon-spring-sale/,0.3716,positive,204.8500061035156,210.27999877929688,204.13999938964844,208.2700042724609,58470100,0.0364270088847233,205.5619995117188,210.07142857142856,224.54444449288505,218.32908739362443,0.020916519864313
65,AMZN,2026-03-31T22:06:58Z,2026-03-31,MarketBeat,MarketBeat,BioHarvest Sciences Q4 Earnings Call Highlights,"BioHarvest Sciences (NASDAQ:BHST) reported fourth-quarter revenue of $9.1 million, up 25% year-over-year and within management’s guidance range, as the...","Operating expenses in the fourth quarter were $6.3 million, compared with $5.8 million in the year-ago period, which Dichter attributed primarily to increased marketing spend and higher expenses from",True,https://www.marketbeat.com/instant-alerts/bioharvest-sciences-q4-earnings-call-highlights-2026-03-31/?utm_source=yahoofinance&amp;utm_medium=yahoofinance,0.2732,positive,204.8500061035156,210.27999877929688,204.13999938964844,208.2700042724609,58470100,0.0364270088847233,205.5619995117188,210.07142857142856,224.54444449288505,218.32908739362443,0.020916519864313
66,AMZN,2026-03-31T22:11:23Z,2026-03-31,Amazon.com,Akarsha Sehwag,Build reliable AI agents with Amazon Bedrock AgentCore Evaluations,"In this post, we introduce Amazon Bedrock AgentCore Evaluations, a fully managed service for assessing AI agent performance across the development lifecycle. We walk through how the service measures agent accuracy across multiple quality dimensions. We explai…","Your AI agent worked in the demo, impressed stakeholders, handled test scenarios, and seemed ready for production. Then you deployed it, and the picture changed. Real users experienced wrong tool cal",True,https://aws.amazon.com/blogs/machine-learning/build-reliable-ai-agents-with-amazon-bedrock-agentcore-evaluations/,0.3612,positive,204.8500061035156,210.27999877929688,204.13999938964844,208.2700042724609,58470100,0.0364270088847233,205.5619995117188,210.07142857142856,224.54444449288505,218.32908739362443,0.020916519864313
67,AMZN,2026-03-31T22:15:44Z,2026-03-31,Twistedsifter.com,Sarrah Murtaza,"IT Expert Freaked Out Because His Computer Started Acting Weird, But Then He Found Out His Receptionist Was Behind The System Failure",So many tech stories end this way.,"Pexels/Reddit
Sometimes you can run around looking for the culprit only to find them nearby!
This user shares how he almost thought his computer was being hacked until he figured out the issue!
Ch",True,http://twistedsifter.com/2026/03/it-expert-freaked-out-because-his-computer-started-acting-weird-but-then-he-found-out-his-receptionist-was-behind-the-system-failure/,-0.2695,negative,204.8500061035156,210.27999877929688,204.13999938964844,208.2700042724609,58470100,0.0364270088847233,205.5619995117188,210.07142857142856,224.54444449288505,218.32908739362443,0.020916519864313
68,AMZN,2026-03-31T22:19:07Z,2026-03-31,ZDNet,Kayla Solino,These 5 Amazon Spring Sale deals are worth a second glance before they're gone soon,"It's the last day of Amazon's Big Spring Sale, but there's still last chance savings on top gear from Dyson (including vacuums, hair tools, and more).","ZDNET's recommendations are based on many hours of testing, research, and comparison shopping. We gather data from the best available sources, including vendor and retailer listings as well as other",True,https://www.zdnet.com/home-and-office/dyson-amazon-spring-sale-2026-deals-still-live/,0.743,positive,204.8500061035156,210.27999877929688,204.13999938964844,208.2700042724609,58470100,0.0364270088847233,205.5619995117188,210.07142857142856,224.54444449288505,218.32908739362443,0.020916519864313
69,AMZN,2026-03-31T22:20:37Z,2026-03-31,Page Six,Erica Radol,Hailey Bieber swapped her Levi’s 501 jeans for this style — and it’s majorly marked down today,The Rhode founder practically lives in her Levi's.,"Page Six may be compensated and/or receive an affiliate commission if you click or buy through our links. Featured pricing is subject to change.
Nail the off-duty model look for less.
Hailey Bieber",True,https://pagesix.com/2026/03/31/style/hailey-bieber-levis-ribcage-jeans-are-majorly-marked-down-at-amazon/,0.0,neutral,204.8500061035156,210.27999877929688,204.13999938964844,208.2700042724609,58470100,0.0364270088847233,205.5619995117188,210.07142857142856,224.54444449288505,218.32908739362443,0.020916519864313
70,AMZN,2026-03-31T22:25:38Z,2026-03-31,iPhone in Canada,IIC Deals,Final Hours: Grab These Amazon Spring Tech Deals Before They Vanish in Canada,"Amazon’s week-long Big Spring Sale is officially entering its final hours. The event, which began on March 25, is scheduled to end tonight, March 31, at 11:59 p.m. PDT. This marks the last opportunity for shoppers to access discounted pricing across several m…","Want to see more of our stories on Google?
P.S. Want to keep this site truly independent? Support us by buying us a beer, treating us to a coffee, or shopping through Amazon here. Links in this post",True,https://www.iphoneincanada.ca/2026/03/31/final-hours-grab-these-amazon-big-spring-sale-tech-deals-before-they-vanish-in-canada/,0.8053,positive,204.8500061035156,210.27999877929688,204.13999938964844,208.2700042724609,58470100,0.0364270088847233,205.5619995117188,210.07142857142856,224.54444449288505,218.32908739362443,0.020916519864313
71,AMZN,2026-03-31T22:28:48Z,2026-03-31,pymnts.com,PYMNTS,OpenAI Valued at $852 Billion in Latest Funding Round,"OpenAI raised $122 billion in a funding round that valued it at $852 billion, the company said in a Tuesday (March 31) press release. The company also announced in the release that it is developing a “unified AI superapp” and that its enterprise business will…","OpenAI raised $122 billion in a funding round that valued it at $852 billion, the company said in a Tuesday (March 31) press release.The company also announced in the release that it is developing a",True,https://www.pymnts.com/artificial-intelligence-2/2026/openai-valued-at-852-billion-in-latest-funding-round/,0.4404,positive,204.8500061035156,210.27999877929688,204.13999938964844,208.2700042724609,58470100,0.0364270088847233,205.5619995117188,210.07142857142856,224.54444449288505,218.32908739362443,0.020916519864313
72,AMZN,2026-03-31T22:28:57Z,2026-03-31,Www.df.cl,Diario Financiero,IA soberana en Chile: la decisión de US$ 2 billones de la que nadie habla,"DARÍO PAYA CARL MEACHAM Western Hemisphere Business Development, Hydra Host Inc. An NVIDIA Cloud Partner","Un país tiene petróleo o no. La geología impuso esa realidad que nos ha marcado por décadas. Hoy pasa algo sin precedentes: por primera vez, un país puede elegir si será productor o simplemente consu",True,https://www.df.cl/opinion/columnistas/ia-soberana-en-chile-la-decision-de-us-2-billones-de-la-que-nadie-habla,-0.296,negative,204.8500061035156,210.27999877929688,204.13999938964844,208.2700042724609,58470100,0.0364270088847233,205.5619995117188,210.07142857142856,224.54444449288505,218.32908739362443,0.020916519864313
73,AMZN,2026-03-31T22:30:00Z,2026-03-31,Decider,mliss1578,"Stream It Or Skip It: ‘Wuthering Heights’ on VOD, an Extremely Horny Riff On A Literary Classic Starring Margot Robbie and Jason Elordi","Emerald Fennell follows up Saltburn with a sloppy, but entertaining adaptation of Emily Bronte’s classic romance.","So are we drinking the Wuthering Heights (now streaming on VOD platforms like Amazon Prime Video) bathwater, or are we scowling at it in disgust? Thats the question of the day, my friends. Hot-button",True,https://decider.com/2026/03/31/wuthering-heights-2026-stream-it-or-skip-it/,0.34,positive,204.8500061035156,210.27999877929688,204.13999938964844,208.2700042724609,58470100,0.0364270088847233,205.5619995117188,210.07142857142856,224.54444449288505,218.32908739362443,0.020916519864313
74,AMZN,2026-03-31T22:32:02Z,2026-03-31,Ozbargain.com.au,drclu,Roborock Saros 10R Robotic Vacuum Cleaner $1687 Delivered @ Amazon AU,"Have been looking at something to replace my terrible ecovacs, saw this deal. Maybe not ATL but lowest atm. Want to get from Amazon for their returns. So many of these 'tangle free' …","This post contains affiliate links. OzBargain might earn commissions when you click through and make purchases. Please see this page for more information.
Have been looking at something to replace m",True,https://www.ozbargain.com.au/node/954118,0.3182,positive,204.8500061035156,210.27999877929688,204.13999938964844,208.2700042724609,58470100,0.0364270088847233,205.5619995117188,210.07142857142856,224.54444449288505,218.32908739362443,0.020916519864313
75,AMZN,2026-03-31T22:32:34Z,2026-03-31,ZDNet,Kayla Solino,These Shark Amazon Spring Sale deals are perfect for a spring refresh - but hurry,"Amazon's Big Spring Sale ends today, but there's still plenty of savings from Shark (including hair tools, cleaning gear, and more) - but don't wait.","ZDNET's recommendations are based on many hours of testing, research, and comparison shopping. We gather data from the best available sources, including vendor and retailer listings as well as other",True,https://www.zdnet.com/home-and-office/shark-amazon-spring-sale-2026-deals-last-chance/,0.743,positive,204.8500061035156,210.27999877929688,204.13999938964844,208.2700042724609,58470100,0.0364270088847233,205.5619995117188,210.07142857142856,224.54444449288505,218.32908739362443,0.020916519864313
76,AMZN,2026-03-31T22:36:28Z,2026-03-31,Slickdeals.net,tDames | Staff,BlueDriver Bluetooth Professional OBDII Scan Tool $74.94 + Free Shipping (2 replies),"Lemur Vehicle Monitors via Amazon [amazon.com] has BlueDriver Bluetooth Professional OBDII Scan Tool on sale for $74.94. Shipping is free.

Product Description from Amazon:Pro OBD2 Scanner - BlueDrive","This collaborative space allows users to contribute additional information, tips, and insights to enhance the original deal post. Feel free to share your knowledge and help fellow shoppers make infor",True,https://slickdeals.net/f/19370202-bluedriver-bluetooth-professional-obdii-scan-tool-74-94-free-shipping,0.8591,positive,204.8500061035156,210.27999877929688,204.13999938964844,208.2700042724609,58470100,0.0364270088847233,205.5619995117188,210.07142857142856,224.54444449288505,218.32908739362443,0.020916519864313
77,AMZN,2026-03-31T22:37:58Z,2026-03-31,Variety,Jazztangcay,‘Project Hail Mary’ Cinematographer Greig Fraser on How He Created the Sun Effect to Light the Tunnel Scene,"Cinematographer Greig Fraser counts “The Batman,” “Dune” and “Rogue One” among his credits. But his latest film, “Project Hail Mary,” is what he calls his “most challenging film I’ve ever done, by far.” “Project Hail Mary” is based on Andy Weir’s book of the …","Cinematographer Greig Fraser counts “The Batman,” “Dune” and “Rogue One” among his credits. But his latest film, “Project Hail Mary,” is what he calls his “most challenging film I’ve ever done, by fa",True,https://variety.com/2026/artisans/features/project-hail-mary-cinematography-greig-fraser-tunnel-scene-1236703573/,0.4767,positive,204.8500061035156,210.27999877929688,204.13999938964844,208.2700042724609,58470100,0.0364270088847233,205.5619995117188,210.07142857142856,224.54444449288505,218.32908739362443,0.020916519864313
78,AMZN,2026-03-31T22:44:27Z,2026-03-31,The Verge,Brandon Widder,Amazon is offering up to 50 percent off chargers from Anker and others for its Big Spring Sale,"Amazon’s Big Spring Sale may not have been as “big” as Black Friday or even Prime Day, but depending on what you’re after, the discounts are more appealing than you might think. Take charging accessories, for instance. Anker, Twelve South, Baseus, and others …","Amazon’s Big Spring Sale may not have been as “big” as Black Friday or even Prime Day, but depending on what you’re after, the discounts are more appealing than you might think. Take charging accesso",True,https://www.theverge.com/gadgets/904242/amazon-big-spring-sale-2026-baseus-anker-chargers-power-banks-batteries-deals,0.0,neutral,204.8500061035156,210.27999877929688,204.13999938964844,208.2700042724609,58470100,0.0364270088847233,205.5619995117188,210.07142857142856,224.54444449288505,218.32908739362443,0.020916519864313
79,AMZN,2026-03-31T22:45:00Z,2026-03-31,"HITC - Football, Gaming, Movies, TV, Music",James Shearman,Dan Rapaport explains why he has so much respect for Rory McIlroy’s caddie Harry Diamond,"Rory McIlroy is once again in focus ahead of The Masters. A new Amazon Prime documentary, The Masters Wait, has just been released, charting the Northern Irishman’s 14-year journey to finally winning at Augusta in 2025.","Rory McIlroy is once again in focus ahead of The Masters.
A new Amazon Prime documentary, The Masters Wait, has just been released, charting the Northern Irishmans 14-year journey to finally winning",True,https://www.hitc.com/dan-rapaport-explains-why-he-has-so-much-respect-for-rory-mcilroys-caddie-harry-diamond/,0.1779,positive,204.8500061035156,210.27999877929688,204.13999938964844,208.2700042724609,58470100,0.0364270088847233,205.5619995117188,210.07142857142856,224.54444449288505,218.32908739362443,0.020916519864313
80,AMZN,2026-03-31T22:45:51Z,2026-03-31,ComicBook.com,Michael Leri,New AAA Lord of the Rings Game Reportedly in Development,"Image Courtesy of Warner Bros. Interactive Entertainment

There have been a few The Lord of the Rings games over the years — Tales of the Shire, Gollum, and Return to Moria — but none have been as big as the two games from the now-closed studio Monolith Produ…","There have been a few The Lord of the Rings games over the years Tales of the Shire, Gollum, and Return to Moria but none have been as big as the two games from the now-closed studio Monolith Product",True,http://comicbook.com/gaming/news/new-aaa-lord-of-the-rings-game-reportedly-in-development/,0.0,neutral,204.8500061035156,210.27999877929688,204.13999938964844,208.2700042724609,58470100,0.0364270088847233,205.5619995117188,210.07142857142856,224.54444449288505,218.32908739362443,0.020916519864313
81,AMZN,2026-03-31T22:49:07Z,2026-03-31,Slickdeals.net,Dmytro_B,DEWALT 20V MAX Heat Gun w/ Flat & Hook Nozzle Attachments (Tool Only) $99.15 + Free S&H,"Amazon has DEWALT 20V MAX Cordless Compact Heat Gun with Flat and Hook Nozzle Attachments (Tool Only, DCE530B) for $99.14. Shipping is free.

Thanks to Community Member Dmytro_B for finding this dea","This collaborative space allows users to contribute additional information, tips, and insights to enhance the original deal post. Feel free to share your knowledge and help fellow shoppers make infor",True,https://slickdeals.net/f/19369956-dewalt-20v-max-heat-gun-w-flat-hook-nozzle-attachments-tool-only-99-15-free-s-h,0.8591,positive,204.8500061035156,210.27999877929688,204.13999938964844,208.2700042724609,58470100,0.0364270088847233,205.5619995117188,210.07142857142856,224.54444449288505,218.32908739362443,0.020916519864313
82,AMZN,2026-03-31T22:52:31Z,2026-03-31,Techpowerup.com,Cpt.Jank,New 'The Lord of the Rings' RPG in Development at Crystal Dynamics,"There were rumors of a new The Lord of the Rings game in development late in 2025, but not much else was known about it other than that it had a sizeable budget of around $100 million and was to compete with Hogwarts Legacy when it came to game design and mec…","This should only take a few seconds. If you have issues, please do contact us, we want to learn about any problems.
Drag the handle to the target
Need help? Contact Us. Please mention your IP: 66.7",True,https://www.techpowerup.com/347917/new-the-lord-of-the-rings-rpg-in-development-at-crystal-dynamics,0.4588,positive,204.8500061035156,210.27999877929688,204.13999938964844,208.2700042724609,58470100,0.0364270088847233,205.5619995117188,210.07142857142856,224.54444449288505,218.32908739362443,0.020916519864313
83,AMZN,2026-03-31T22:53:05Z,2026-03-31,Slickdeals.net,idk_then,JLab Go Air Pop+ True Wireless Bluetooth Earbuds (Mint or White) $16.99 + Free Shipping w/ Prime or on $35+,"JLab Store via Amazon [amazon.com] has JLab Go Air Pop+ True Wireless Bluetooth Earbuds (2 Colors)  for $16.99. Shipping is free w/ Prime or on $35+.

Available Colors:Mint [amazon.com] $16.99
White [","This collaborative space allows users to contribute additional information, tips, and insights to enhance the original deal post. Feel free to share your knowledge and help fellow shoppers make infor",True,https://slickdeals.net/f/19370235-jlab-go-air-pop-true-wireless-bluetooth-earbuds-mint-or-white-16-99-free-shipping-w-prime-or-on-35,0.8591,positive,204.8500061035156,210.27999877929688,204.13999938964844,208.2700042724609,58470100,0.0364270088847233,205.5619995117188,210.07142857142856,224.54444449288505,218.32908739362443,0.020916519864313
84,AMZN,2026-03-31T22:58:13Z,2026-03-31,Amazon.com,Janardhan Molumuri,Leverage Agentic AI for Autonomous Incident Response with AWS DevOps Agent,"Introduction Teams running distributed workloads face a persistent operational challenge: when something breaks, the information needed to resolve it is scattered across logs, deployment pipelines, configuration histories, and third-party monitoring tools. A …","Introduction
Teams running distributed workloads face a persistent operational challenge: when something breaks, the information needed to resolve it is scattered across logs, deployment pipelines,",True,https://aws.amazon.com/blogs/devops/leverage-agentic-ai-for-autonomous-incident-response-with-aws-devops-agent/,0.4404,positive,204.8500061035156,210.27999877929688,204.13999938964844,208.2700042724609,58470100,0.0364270088847233,205.5619995117188,210.07142857142856,224.54444449288505,218.32908739362443,0.020916519864313
85,AMZN,2026-03-31T22:59:22Z,2026-03-31,Thesportingtribune.com,Eric Lambkins II,Amazon Prime's Jerry West documentary exposes the darkness and complexity behind the man that the NBA's standard of excellence,"He found and constructed talent. He won 9 rings. But Jerry West sat across from me eating vanilla ice cream, admitting that he was ""a nervous wreck before every game."" Inside the new documentary that reveals the price of perfection—and why the man who became …","NEW YORKThe bowels of an arena carry many secrets.
Not the secrets of the games played between painted linesthose belong to the crowd, the lights, the immediate explosion of competitionbut the quiet",True,https://www.thesportingtribune.com/2026/03/31/a-complex-logo,0.34,positive,204.8500061035156,210.27999877929688,204.13999938964844,208.2700042724609,58470100,0.0364270088847233,205.5619995117188,210.07142857142856,224.54444449288505,218.32908739362443,0.020916519864313
86,AMZN,2026-03-31T23:00:00Z,2026-03-31,Writersdigest.com,Mark Lawrence,Writing Description in Fiction,"Author Mark Lawrence shares two major keys to writing description in fiction that psychologically hooks readers and builds characters.
The post Writing Description in Fiction appeared first on Writer's Digest.","To describe something is not to photograph it. In delivering description your task is not to supply the reader with sufficient detail to recreate some actual object, place, or (more ephemerally) expe",True,https://www.writersdigest.com/writing-description-in-fiction#article,0.0,neutral,204.8500061035156,210.27999877929688,204.13999938964844,208.2700042724609,58470100,0.0364270088847233,205.5619995117188,210.07142857142856,224.54444449288505,218.32908739362443,0.020916519864313
87,AMZN,2026-03-31T23:00:00Z,2026-03-31,Amazon.com,aws@amazon.com,Amazon CloudWatch now supports ingesting Security Hub CSPM findings with organization-wide enablement,"Amazon CloudWatch now supports ingesting AWS Security Hub CSPM findings, enabling customers to centrally analyze and monitor security findings directly in CloudWatch Logs. Security Hub CSPM findings are supported in AWS Security Finding Format (ASFF) and Open…","Amazon CloudWatch now supports ingesting AWS Security Hub CSPM findings, enabling customers to centrally analyze and monitor security findings directly in CloudWatch Logs. Security Hub CSPM findings",True,https://aws.amazon.com/about-aws/whats-new/2026/03/amazon-cloudwatch-securityhub-findings/,0.8555,positive,204.8500061035156,210.27999877929688,204.13999938964844,208.2700042724609,58470100,0.0364270088847233,205.5619995117188,210.07142857142856,224.54444449288505,218.32908739362443,0.020916519864313
88,AMZN,2026-03-31T23:16:02Z,2026-03-31,Slickdeals.net,phoinix | Staff,$20.99 | 5-Qt Valvoline High Mileage 150K with Maxlife Plus Technology Motor Oil (5W-20) at Amazon (2 replies),"Amazon [amazon.com] has 5-Qt Valvoline High Mileage 150K with Maxlife Plus Technology Motor Oil (5W-20) for $20.99.
Shipping is free with Prime or on $35+ orders.
5-Quart 10W-30 [amazon.com] - $20.99",Amazon[amazon.com] has 5-Qt Valvoline High Mileage 150K with Maxlife Plus Technology Motor Oil (5W-20) for $20.99.Shipping is free with Prime or on $35+ orders.Price$10 lower (32% savings) than the t,True,https://slickdeals.net/f/19370268-20-99-5-qt-valvoline-high-mileage-150k-with-maxlife-plus-technology-motor-oil-5w-20-at-amazon,0.2732,positive,204.8500061035156,210.27999877929688,204.13999938964844,208.2700042724609,58470100,0.0364270088847233,205.5619995117188,210.07142857142856,224.54444449288505,218.32908739362443,0.020916519864313
89,AMZN,2026-03-31T23:21:00Z,2026-03-31,GlobeNewswire,Wayne Elsey Enterprises,"Visionary Social Entrepreneur Wayne Elsey Releases New Book, ""The Reuse Economy: Breaking Free From Throwaway Culture""",A compelling new guide to transforming discarded goods into economic lifelines and building a sustainable future. A compelling new guide to transforming discarded goods into economic lifelines and building a sustainable future.,"Orlando, FL, March 31, 2026 (GLOBE NEWSWIRE) -- Wayne Elsey, renowned social entrepreneur, founder of Elsey Enterprises, and the visionary behind innovative fundraising platforms like TreeRaise, Snea",True,https://www.globenewswire.com/news-release/2026/03/31/3266223/0/en/Visionary-Social-Entrepreneur-Wayne-Elsey-Releases-New-Book-The-Reuse-Economy-Breaking-Free-From-Throwaway-Culture.html,0.8316,positive,204.8500061035156,210.27999877929688,204.13999938964844,208.2700042724609,58470100,0.0364270088847233,205.5619995117188,210.07142857142856,224.54444449288505,218.32908739362443,0.020916519864313
90,AMZN,2026-03-31T23:22:07Z,2026-03-31,Dealnews.com,Unknown,Skil 12V/20V Compact Tower Light (Tool Only) for $64 + free shipping,"Amazon offers the Skil 12V/20V Compact Tower Light for $63.99. That's the lowest price we found by $13. Shipping is free. Buy Now at Amazon
 Features
 <ul> <li>270-degree pivot & swivel</li> <li>Powered by Skil 12V or 20V Batteries</li> <li>Collapses for st…",moreGet deals on a selection of Olight flashlights and lighting options as part of Amazon's Big Spring Sale. We've pictured the Olight iMini 2 EDC Rechargeable Keychain Flashlight for $13.28 (best pr,True,https://www.dealnews.com/products/Skil/Skil-12-V-20-V-Compact-Tower-Light-Tool-Only/498130.html,0.6369,positive,204.8500061035156,210.27999877929688,204.13999938964844,208.2700042724609,58470100,0.0364270088847233,205.5619995117188,210.07142857142856,224.54444449288505,218.32908739362443,0.020916519864313
91,AMZN,2026-03-31T23:23:44Z,2026-03-31,The Cut,Asia Milia Ware,What It’s Like Being a Black Beauty Founder Today,"Lisa Price of Carol’s Daughter, Melissa Butler of the Lip Bar, Jackie and Denis Asamoah of Forvr Mood, and more Black beauty founders open up about their journey in business, from the money to barriers that could block Black founders from scaling.","For some, beauty is a place for play, but for Black women, that experience isnt always that simple. Unless they were standing at a counter forFashion Fair, the OG Black beauty brand that centered bro",True,http://www.thecut.com/article/what-its-like-being-a-black-beauty-founder-today.html,0.9052,positive,204.8500061035156,210.27999877929688,204.13999938964844,208.2700042724609,58470100,0.0364270088847233,205.5619995117188,210.07142857142856,224.54444449288505,218.32908739362443,0.020916519864313
92,AMZN,2026-03-31T23:26:07Z,2026-03-31,Bleeding Cool News,Ray Flook,"The Boys Season 5 ""One Week"" Mini-Teaser Includes New Footage","Showrunner Eric Kripke's The Boys isn't messing around today. With about a week to go until the fifth and final season kicks off its run, we've got a new teaser reminding everyone of how many days remain until the beginning of the end hits Prime Video screens…","Posted in: Amazon Studios, TV | Tagged: the boys
Check out the ""One Week"" mini-teaser (with new footage) for the fifth and final season of Prime Video and Showrunner Eric Kripke's The Boys.
Showrun",True,https://bleedingcool.com/tv/the-boys-season-5-one-week-mini-teaser-includes-new-footage/,0.1779,positive,204.8500061035156,210.27999877929688,204.13999938964844,208.2700042724609,58470100,0.0364270088847233,205.5619995117188,210.07142857142856,224.54444449288505,218.32908739362443,0.020916519864313
93,AMZN,2026-03-31T23:30:31Z,2026-03-31,Web-price.info,Ryo,"【期間限定セール+10%OFF！】Ugreen CM85045368 － Thunderbolt 3/4 PCIe 4.0x4対応 NVMe M.2 SSD外付けケース ケーブル2本セットが9,719円送料無料 - 安値世界一への挑戦",Ugreen CM85045368 Thunderbolt 3/4 PC...,"Ugreen CM85045368 Thunderbolt 3/4 PCIe 4.0x4対応 NVMe M.2 SSD外付けケース ケーブル2本セットが Amazon にてお買い得価格で販売されています。

今ならさらに、割引クーポンコード「DEAL10OFF」を適用することで10%OFFとお買い得。10,799円 → 9,719円となります。

セール期間は4/6まで。マーケットプレイス 取扱",True,https://web-price.info/blog/10offugreen-cm85045368-thunderbolt-34-pcie-40x4-nvme-m2-ssd-29719.php,0.1779,positive,204.8500061035156,210.27999877929688,204.13999938964844,208.2700042724609,58470100,0.0364270088847233,205.5619995117188,210.07142857142856,224.54444449288505,218.32908739362443,0.020916519864313
94,AMZN,2026-03-31T23:37:56Z,2026-03-31,Just Jared,Just Jared,Brandy Says Ex-Boyfriend Boyz II Men Singer Wanya Morris 'Took Advantage' of Her in Age-Gap Relationship,"Brandy is opening up about her previous relationship with ex-boyfriend Wanya Morris. The 47-year-old singer writes about their relationship in her new memoir Phases, detailing how she believes the Boyz II Men singer “took advantage” of her in an excerpt from …","Brandy is opening up about her previous relationship with ex-boyfriend Wanya Morris.
The 47-year-old singer writes about their relationship in her new memoir Phases, detailing how she believes the B",True,https://www.justjared.com/2026/03/31/brandy-says-ex-boyfriend-boyz-ii-men-singer-wanya-morris-took-advantage-of-her-in-age-gap-relationship/,0.0,neutral,204.8500061035156,210.27999877929688,204.13999938964844,208.2700042724609,58470100,0.0364270088847233,205.5619995117188,210.07142857142856,224.54444449288505,218.32908739362443,0.020916519864313
95,AMZN,2026-03-31T23:39:49Z,2026-03-31,Slickdeals.net,phoinix,Refurb: Apple Magic Wireless Mouse 2 $30 + Free S&H w/ Prime,Woot! has Refurbished: Apple Magic Wireless Mouse 2 (3 Colors) for $34.99 - $5 when you apply coupon code APPLEFIVE at checkout = $29.99. Shipping is free for Amazon Prime Members (must login with you,"This collaborative space allows users to contribute additional information, tips, and insights to enhance the original deal post. Feel free to share your knowledge and help fellow shoppers make infor",True,https://slickdeals.net/f/19367088-refurb-apple-magic-wireless-mouse-2-30-free-s-h-w-prime,0.8591,positive,204.8500061035156,210.27999877929688,204.13999938964844,208.2700042724609,58470100,0.0364270088847233,205.5619995117188,210.07142857142856,224.54444449288505,218.32908739362443,0.020916519864313
96,AMZN,2026-03-31T23:40:24Z,2026-03-31,Dealnews.com,Unknown,EverPlus Home Security Reinforcement Door Lock for $9 + free shipping w/ Prime,"As part of its Big Spring Sale, Amazon discounts this reinforcement lock from EverPlus by 45%. You'd pay $3 more elsewhere. Shipping is free for Prime members. Buy Now at Amazon",moreThe Oatey Fix-It Repair Ring is $2 under what most other major retailers charge. It includes four slotted mounting tabs and 10 mounting holes for a universal fit. Shipping is free for MyLowe's me,True,https://www.dealnews.com/products/Ever-Plus-Home-Security-Reinforcement-Door-Lock/498131.html,0.7003,positive,204.8500061035156,210.27999877929688,204.13999938964844,208.2700042724609,58470100,0.0364270088847233,205.5619995117188,210.07142857142856,224.54444449288505,218.32908739362443,0.020916519864313
97,AMZN,2026-03-31T23:45:23Z,2026-03-31,Web-price.info,Ryo,"【期間限定セール+10%OFF！】UGREEN Maxidok 10-in-1 Thunderbolt 5 ドッキングステーションが25,131円送料無料 - 安値世界一への挑戦",Thunderbolt5&times;2+DP 3画面出力 8K@60H...,Thunderbolt5×2+DP 3画面出力 8K@60Hz DC140W PD110W 急速充電 120Gbps 高速転送 1Gbps イーサネット・SD3.0 カードリーダー・USB-A3.2×3 サンダーボルト5/4/USB4 対応 UGREEN Maxidok 10-in-1 Thunderbolt 5 ドッキングステーション が Amazon にてお買い得価格で販売されています。,True,https://web-price.info/blog/10offugreen-maxidok-10-in-1-thunderbolt-5-25131.php,0.1779,positive,204.8500061035156,210.27999877929688,204.13999938964844,208.2700042724609,58470100,0.0364270088847233,205.5619995117188,210.07142857142856,224.54444449288505,218.32908739362443,0.020916519864313
98,AMZN,2026-03-31T23:49:01Z,2026-03-31,BusinessLine,Reuters,US stocks rally sharply as Trump signals potential end to Iran conflict,"Major U.S. indexes posted their biggest gains in months, led by big tech stocks, even as geopolitical tensions and economic uncertainty continue to weigh on markets.","Wall Street ended sharply higher on Tuesday, lifted by speculation about a potential de-escalation in the Middle East conflict that has sent oil prices soaring and fueled fears of global inflation in",True,https://www.thehindubusinessline.com/markets/us-stocks-rally-sharply-as-trump-signals-potential-end-to-iran-conflict/article70809550.ece,-0.6249,negative,204.8500061035156,210.27999877929688,204.13999938964844,208.2700042724609,58470100,0.0364270088847233,205.5619995117188,210.07142857142856,224.54444449288505,218.32908739362443,0.020916519864313
99,AMZN,2026-03-31T23:52:33Z,2026-03-31,SiliconANGLE News,Mike Wheatley,OpenAI just closed on a record-breaking $122B funding round that brings its value to $852B,"OpenAI Group PBC showed that it’s still the darling of artificial intelligence investors today, announcing it has raised $122 billion at an $852 billion valuation, the largest funding round in Silicon Valley’s history. The round, which comes at a time when th…","OpenAI Group PBC showed that its still the darling of artificial intelligence investors today, announcing it has raised $122 billion at an $852 billion valuation, the largest funding round in Silicon",True,https://siliconangle.com/2026/03/31/openai-just-closed-record-breaking-122b-funding-round-brings-value-852b/,0.7845,positive,204.8500061035156,210.27999877929688,204.13999938964844,208.2700042724609,58470100,0.0364270088847233,205.5619995117188,210.07142857142856,224.54444449288505,218.32908739362443,0.020916519864313
