ticker,published_at,source_name,author,title,description,content,url
BRK-B,2026-03-31T21:16:31Z,Investopedia,Peter Gratton,Warren Buffett on the Recent Stock Market Selloff: 'This Is Nothing',Warren Buffett told CNBC Tuesday that the current market decline isn't yet a big deal. He also said stocks would need to fall much further before Berkshire...,"<ul><li>Buffett called the current stock market sell-off ""nothing"" compared with prior crashes he's navigated, noting that markets are only about 5% to 6% cheaper than recent highs.
</li><li>He said… [+3240 chars]",https://www.investopedia.com/warren-buffett-on-the-recent-stock-market-selloff-this-is-nothing-11938128
BRK-B,2026-03-31T17:19:40Z,The Times of India,Piyush Shukla,Warren Buffett latest move 2026: Is Berkshire buyback a hidden bullish signal or warning investors to rethink stock market strategy now?,Warren Buffett latest move is drawing global attention in 2026 as markets stay volatile and the S&P 500 remains near elevated levels. Berkshire Hathaway has restarted stock buybacks after nearly two years. This is a major signal. It reflects selective value i…,"The latest move by Warren Buffett is already sparking intense debate across Wall Street, especially as markets remain volatile in early 2026. After nearly two years of holding back, Berkshire Hathawa… [+6070 chars]",https://economictimes.indiatimes.com/news/international/us/warren-buffett-latest-move-2026-is-berkshire-buyback-a-hidden-bullish-signal-or-warning-investors-to-rethink-stock-market-strategy-now/articleshow/129928663.cms
BRK-B,2026-03-31T16:40:21Z,New York Post,Reuters,"Warren Buffett, NBA star Stephen Curry team up on charity lunch",Bidding on eBay will begin on May 7 and last through May 14.,"Warren Buffett is reviving his famous charity lunch, this time teaming up with basketball superstar Stephen Curry to spend time with the winner of an auction.
Bidding on eBay will begin on May 7 and… [+2284 chars]",https://nypost.com/2026/03/31/business/warren-buffett-nba-star-stephen-curry-team-up-on-charity-lunch/
BRK-B,2026-03-31T16:38:42Z,CNBC,Yun Li,Warren Buffett says Iran bomb would make nuclear disaster harder to avoid,The Berkshire Hathaway chairman said the growing number of nuclear-armed states has fundamentally altered the global risk landscape.,"Warren Buffett warned that the spread of nuclear weapons is making the world a more dangerous place, saying the prospect of Iran acquiring a bomb would heighten the risk of a catastrophic conflict.
… [+1462 chars]",https://www.cnbc.com/2026/03/31/warren-buffett-says-iran-bomb-would-make-nuclear-disaster-harder-to-avoid.html
BRK-B,2026-03-31T16:07:47Z,Business Insider,Theron Mohamed,"Warren Buffett's CEO days are over. He says he's still in Berkshire's office 5 days a week, picking stocks and fielding offers.","Warren Buffett said he's still picking stocks and striking deals in his post-CEO role at Berkshire, but that he achieves ""hardly anything.""","Warren BuffettNati Harnik/AP
<ul><li>Warren Buffett spoke out in a rare TV interview following his retirement as CEO.</li><li>The Berkshire Hathaway chairman revealed he's made one small purchase si… [+3114 chars]",https://www.businessinsider.com/warren-buffett-greg-abel-stocks-berkshire-philanthropy-interview-billionaire-2026-3
BRK-B,2026-03-31T16:04:49Z,Yahoo Entertainment,,Jim Cramer on Berkshire Hathaway: “I Would hold on to It for a Year”,,"If you click 'Accept all', we and our partners, including 251 who are part of the IAB Transparency &amp; Consent Framework, will also store and / or access information on a device (in other words, us… [+1046 chars]",https://consent.yahoo.com/v2/collectConsent?sessionId=1_cc-session_6f11555a-90e1-474d-af76-3bbb98e03b33
BRK-B,2026-03-31T15:30:25Z,Financial Post,Bloomberg News,Warren Buffett warns he’s watching stability of banking system,Warren Buffett said that he's seeing signs of fragility in the banking system as it has become more connected to non-bank players. Read on,"Warren Buffett cautioned that hes seeing signs of fragility emerging in the banking system as it has become more connected to non-bank players.
THIS CONTENT IS RESERVED FOR SUBSCRIBERS ONLY
Subscri… [+3419 chars]",https://financialpost.com/fp-finance/banking/warren-buffett-warns-banking-system-stability
BRK-B,2026-03-31T14:27:42Z,Yahoo Entertainment,,Warren Buffett says he's still making investments for Berkshire Hathaway,,"If you click 'Accept all', we and our partners, including 251 who are part of the IAB Transparency &amp; Consent Framework, will also store and / or access information on a device (in other words, us… [+1046 chars]",https://consent.yahoo.com/v2/collectConsent?sessionId=1_cc-session_3d25e682-6708-4d5a-8644-a8a03ade135c
BRK-B,2026-03-31T14:21:15Z,Crypto Briefing,Vivian Nguyen,Warren Buffett says he would load up on Apple just not in this market,"Buffett's cautious stance on Apple highlights the importance of market conditions in investment decisions, impacting broader market sentiment.
The post Warren Buffett says he would load up on Apple just not in this market appeared first on Crypto Briefing.","Buffett says market declines can create opportunities, but his focus is always on buying businesses that are fundamentally strong. Berkshire Hathaway Chairman Warren Buffett said he would buy “a whol… [+1854 chars]",https://cryptobriefing.com/warren-buffett-would-buy-apple-not-this-market/
BRK-B,2026-03-31T14:20:00Z,Yahoo Entertainment,,Berkshire Hathaway Stock Is Off to Its Worst Start Since 2020. Is This a Huge Buying Opportunity?,,"If you click 'Accept all', we and our partners, including 251 who are part of the IAB Transparency &amp; Consent Framework, will also store and / or access information on a device (in other words, us… [+1046 chars]",https://consent.yahoo.com/v2/collectConsent?sessionId=1_cc-session_33a16616-e73c-4579-ae47-cc1cd567742b
BRK-B,2026-03-31T14:15:24Z,The Times of India,Akash Podishetti,Warren Buffett not done yet: Berkshire legend talks about tiny new investment post CEO exit,"Warren Buffett remains actively involved in Berkshire Hathaway investment decisions despite stepping down as CEO. He collaborates with Greg Abel, maintains a cautious market outlook, and oversees significant liquidity deployment in Treasury securities.","Warren Buffett may have stepped down as chief executive of Berkshire Hathaway at the end of 2026, but the legendary investor remains involved in the conglomerate's investment decisions, according to … [+2645 chars]",https://economictimes.indiatimes.com/markets/us-stocks/news/warren-buffett-not-done-yet-berkshire-legend-talks-about-tiny-new-investment-post-ceo-exit/articleshow/129928909.cms
BRK-B,2026-03-31T13:43:37Z,New York Post,Taylor Herzlich,Warren Buffett’s surprising revelation about his relationship with Bill Gates since Epstein scandal came to light,"Following the release of a batch of Epstein files earlier this year, Gates apologized for his friendship with Epstein and admitted that he had two affairs with Russian women while married to his now-ex-wife, Melinda French Gates – though he denied any crimina…",Warren Buffett revealed Tuesday that he has not spoken with Bill Gates since the whole thing with Jeffrey Epstein came to light after the Microsoft founder was engulfed in a scandal over his links to… [+1885 chars],https://nypost.com/2026/03/31/business/buffett-reveals-he-has-not-talked-to-gates-since-the-whole-thing-with-epstein-came-to-light/
BRK-B,2026-03-31T13:33:09Z,Ibtimes.com.au,Mike Clair,Warren Buffett Admits Selling Apple 'Too Soon' as He Stays Active Post-CEO Role,"OMAHA, Neb. — Warren Buffett, the legendary investor who stepped down as Berkshire Hathaway CEO at the end of 2025, acknowledged Tuesday that he sold too much of the conglomerate's massive Apple stake too early, even as he continues to weigh in on investments…","OMAHA, Neb. — Warren Buffett, the legendary investor who stepped down as Berkshire Hathaway CEO at the end of 2025, acknowledged Tuesday that he sold too much of the conglomerate's massive Apple stak… [+10509 chars]",https://www.ibtimes.com.au/warren-buffett-admits-selling-apple-too-soon-he-stays-active-post-ceo-role-1865097
BRK-B,2026-03-31T12:32:18Z,CNBC,Yun Li,"Warren Buffett says he’s still making calls on investments at Berkshire, flags ‘tiny’ new buy",The 95-year-old investor said he still comes into the office daily and stays engaged with markets.,"Warren Buffett said he remains closely involved in investment decisions at Berkshire Hathaway even after stepping down as chief executive, adding that he recently made a ""tiny"" new purchase.
The 95-… [+1412 chars]",https://www.cnbc.com/2026/03/31/warren-buffett-says-hes-still-making-calls-on-investments-at-berkshire-flags-tiny-new-buy.html
BRK-B,2026-03-31T11:51:45Z,CNBC,Yun Li,"Warren Buffett teams up with NBA superstar Stephen Curry for charity lunch, reviving iconic auction","The winning bidder — along with up to seven guests — will join Buffett and the Currys for an exclusive lunch in Omaha, Nebraska.","Warren Buffett is bringing back his famed charity lunch this time with a high-profile twist.
The 95-year-old Berkshire Hathaway chairman will be joined by Stephen Curry, a four-time NBA champion and… [+2007 chars]",https://www.cnbc.com/2026/03/31/warren-buffett-teams-up-with-stephen-curry-for-charity-lunch.html
BRK-B,2026-03-31T11:45:15Z,Yahoo Entertainment,,Warren Buffett’s Energy Picks Soared as Berkshire Hathaway Had 8 Straight Losing Sessions,,"If you click 'Accept all', we and our partners, including 251 who are part of the IAB Transparency &amp; Consent Framework, will also store and / or access information on a device (in other words, us… [+1046 chars]",https://consent.yahoo.com/v2/collectConsent?sessionId=1_cc-session_ea55c752-c9aa-409a-ab0b-8c642c50ebc7
BRK-B,2026-03-31T09:00:00Z,Forbes,"Tim Casey, Senior Contributor, 
 Tim Casey, Senior Contributor
 https://www.forbes.com/sites/timcasey/",Jordan’s Furniture Is Rooting For UConn Even As Customers May Receive Large Refunds,"If the UConn men’s and women’s teams advance to the national title game, anyone who bought items at Jordan’s Furniture between Jan. 20 and March 1 will receive a refund.","UConn guard Braylon Mullins (24) reacts with teammates after scoring the winning basket against Duke in the Elite Eight of the NCAA college basketball tournament, Sunday, March 29, 2026, in Washingto… [+8152 chars]",https://www.forbes.com/sites/timcasey/2026/03/31/jordans-furniture-is-rooting-for-uconn-even-as-customers-may-receive-large-refunds/
BRK-B,2026-03-30T18:03:41Z,USA Today,"Josh Peter, USA TODAY",UConn basketball teams could cost furniture store millions,Jordan’s Furniture will be on the hook for $50 million if the UConn men's and women's basketball teams each play for the NCAA title.,"The Connecticut mens and womens basketball teams each are one victory away from the championship game of the NCAA Tournament, and that could be very expensive for a furniture store, an insurance comp… [+2870 chars]",https://www.usatoday.com/story/sports/ncaab/tourney/2026/03/30/uconn-mens-womens-basketball-free-furniture-promotion/89388115007/
BRK-B,2026-03-30T15:00:57Z,CNBC,Yun Li,Bill Ackman says it’s one of the best times in a long time to buy quality stocks,Ackman's bullish stance comes at a time when markets have been rattled by rising energy prices and sticky inflation concerns.,"Billionaire investor Bill Ackman said the current market dislocation has created one of the most attractive entry points for high-quality companies in years, urging investors to look past macro fears… [+1898 chars]",https://www.cnbc.com/2026/03/30/bill-ackman-says-its-one-of-the-best-times-in-a-long-time-to-buy-quality-stocks.html
BRK-B,2026-03-30T14:34:19Z,Yahoo Entertainment,,Is Berkshire Hathaway (BRK.B) The Best Safe-Haven Stock to Buy According to Bill Gates?,,"If you click 'Accept all', we and our partners, including 251 who are part of the IAB Transparency &amp; Consent Framework, will also store and / or access information on a device (in other words, us… [+1046 chars]",https://consent.yahoo.com/v2/collectConsent?sessionId=1_cc-session_3807731a-4516-43e0-a444-cbf94dcd33b4
BRK-B,2026-03-30T14:09:17Z,BroBible,Cass Anderson,UConn Is Two Wins Away From Winning Thousands Of People Free Furniture After Store’s Audacious Promo,"The University of Connecticut Huskies basketball program is on a historic run in the month of March. Both the men’s and women’s teams have advanced to the Final Four in their respective NCAA Tournaments. On the men’s side, the Huskies overcame a 19-point defi…","© Geoff Burke-© Chris Jones-Imagn Images
The University of Connecticut Huskies basketball program is on a historic run in the month of March. Both the men’s and women’s teams have advanced to the Fi… [+4600 chars]",https://brobible.com/sports/article/ucon-basketball-jordans-furniture/
BRK-B,2026-03-29T13:43:41Z,CNBC,Bob Woods,Trump ban on investor homebuying may come at cost of a bigger real estate deal,President Trump's plan to ban big investors from home ownership may not be the key to reviving the American Dream in affordable housing legislation.,"Affordability has gone from being a dry financial term to an all-purpose hot button. Groceries, health care, child care, cars, gas you name it, and affordability is attached to it these days. And the… [+13809 chars]",https://www.cnbc.com/2026/03/29/affordable-housing-trump-ban-investor-home-buying-real-estate.html
BRK-B,2026-03-29T10:57:07Z,24/7 Wall St.,John Seetoo,"OMAH Promises Monthly Income From Berkshire Holdings, With One Major Catch",VistaShares Target 15 Berkshire Select Income ETF (NYSEARCA:OMAH) promises something Berkshire Hathaway itself has never offered: a monthly paycheck. By...,"<ul><li>VistaShares Target 15 Berkshire Select Income ETF (OMAH) mirrors Berkshires top holdings including Apple (AAPL) at 11.76%, Berkshire Hathaway Class B (BRK.B) at 9.33%, and American Express (A… [+6274 chars]",https://247wallst.com/investing/2026/03/29/omah-promises-monthly-income-from-berkshire-holdings-with-one-major-catch/
BRK-B,2026-03-28T14:07:00Z,Yahoo Entertainment,,Warren Buffett's Berkshire Hathaway falls for a seventh straight day,,"If you click 'Accept all', we and our partners, including 251 who are part of the IAB Transparency &amp; Consent Framework, will also store and / or access information on a device (in other words, us… [+1046 chars]",https://consent.yahoo.com/v2/collectConsent?sessionId=1_cc-session_a6f12b75-e72c-4f2f-befd-88f25ff1a550
BRK-B,2026-03-28T11:55:44Z,CNBC,Alex Crippen,Berkshire shares suffer longest losing streak in more than 7 years,Shares of Berkshire Hathaway have lost ground for eight consecutive days. It is their longest losing streak since December of 2018.,"(This is the Warren Buffett Watch newsletter, news and analysis on all things Warren Buffett and Berkshire Hathaway. You can sign up here to receive it every Friday evening in your inbox.)
Berkshire… [+5097 chars]",https://www.cnbc.com/2026/03/28/berkshire-shares-suffer-longest-losing-streak-in-more-than-7-years.html
BRK-B,2026-03-27T18:14:00Z,GlobeNewswire,Fisher House Foundation,Second Fisher House Under Construction at the Pittsburgh VA,New Comfort House will more than double support to Veteran families. New Comfort House will more than double support to Veteran families.,"Pittsburgh, PA, March 27, 2026 (GLOBE NEWSWIRE) -- Ground was broken today for a second Fisher House supporting the VA Pittsburgh Healthcare System in Pittsburgh, Pennsylvania, increasing capacity fr… [+3804 chars]",https://www.globenewswire.com/news-release/2026/03/27/3264044/0/en/Second-Fisher-House-Under-Construction-at-the-Pittsburgh-VA.html
BRK-B,2026-03-27T10:09:41Z,Fortune,Diane Brady,"Chubb’s CEO 25-page shareholder letter touches on China, AI, and the fragility of democracy: ‘I am both optimistic and I’m concerned’",Also: All the news and watercooler chat from Fortune.,"Good morning. This is peak season for shareholder letters, in which CEOs share observations about their results, priorities and views of the trends shaping business. Most are short, bland and to the … [+5403 chars]",https://fortune.com/2026/03/27/chubbs-ceo-evan-greenberg-shareholder-letter-2026-china-ai/
BRK-B,2026-03-26T12:44:35Z,Business Insider,tmohamed@businessinsider.com (Theron Mohamed),We chatted to Ray Dalio's AI clone. 'Digital Ray' was convincing until it made a bunch of weird and wonderful mistakes.,"Digital Ray insisted it was Ray Dalio himself, said Paul Giamatti played Michael Burry in ""The Big Short,"" and made up facts about Mark Cuban.","Ray Dalio invited his 2 million X followers on Tuesday to ""have a conversation"" with his AI clone, Digital Ray.
Business Insider did just that, and found the virtual doppelganger gave a passable imp… [+6280 chars]",https://www.businessinsider.com/ray-dalio-ai-chatbot-test-burry-cuban-investing-billionaires-dollar-2026-3
BRK-B,2026-03-26T11:30:00Z,GlobeNewswire,Bombardier Inc.,Bombardier Celebrates First Delivery of the Global 8000 Aircraft to Esteemed Customer NetJets,"MONTREAL, March 26, 2026 (GLOBE NEWSWIRE) -- Bombardier has celebrated the delivery of the first Global 8000 aircraft to fleet launch customer NetJets, a valued longtime customer and the world leader in private aviation. The delivery took place at Bombardier’…","<ul><li>NetJets is the fleet launch customer for the Global 8000 and, with this inaugural delivery, receives the first of 24 business jets of the type it intends to operate (1)</li><li>Delivery of th… [+7387 chars]",https://www.globenewswire.com/news-release/2026/03/26/3262887/0/en/Bombardier-Celebrates-First-Delivery-of-the-Global-8000-Aircraft-to-Esteemed-Customer-NetJets.html
BRK-B,2026-03-25T08:05:59Z,The Times of India,Reuters,Global Markets | Japan's Nikkei surges as Trump claims US negotiating end to Iran war,"Japan's Nikkei ​share average rose the most ​in a week on Wednesday, supported by cautious optimism ​that the Middle East crisis could move toward a potential settlement after recent volatility.","Japan's Nikkei share average rose the most in a week on Wednesday, supported by cautious optimism that the Middle East crisis could move toward a potential settlement after recent volatility.The benc… [+1510 chars]",https://economictimes.indiatimes.com/markets/us-stocks/news/global-markets-japans-nikkei-surges-as-trump-claims-us-negotiating-end-to-iran-war/articleshow/129795212.cms
BRK-B,2026-03-24T18:33:28Z,The Times of India,Shreya Biswas,"Quote of the day by Charlie Munger: 'The first rule is that you can't really know anything if you just remember...' - lessons on knowledge, latticework of mental models, and smarter decision-making by Poor Charlie's Almanack author and Berkshire Hathaway vice chairman","Quote of the day by Charlie Munger: He emphasized that true knowledge comes from connecting facts within a ""latticework of theory,"" not just memorization. This structured understanding allows for clearer thinking and better decision-making. Munger, a key figu…","Quote of the day by Charlie Munger: He emphasized that true knowledge comes from connecting facts within a ""latticework of theory,"" not just memorization. This structured understanding allows for cle… [+168 chars]",https://economictimes.indiatimes.com/news/international/us/quote-of-the-day-march-25-quote-of-the-day-by-charlie-munger-the-first-rule-is-that-you-cant-really-know-anything-if-you-just-remember-lessons-on-knowledge-latticework-of-mental-models-and-smarter-decision-making-by-poor-charlies-almanack-author-and-berkshire-hathaway-vice-chairman/articleshow/129783400.cms
BRK-B,2026-03-24T15:17:18Z,Yahoo Entertainment,,Berkshire Hathaway Is Betting Big on Little-Known Tokio Marine. Should You Buy the Stock Here?,,"If you click 'Accept all', we and our partners, including 251 who are part of the IAB Transparency &amp; Consent Framework, will also store and / or access information on a device (in other words, us… [+1046 chars]",https://consent.yahoo.com/v2/collectConsent?sessionId=1_cc-session_1dc1e48e-c34b-42f6-9835-32c03086a68c
BRK-B,2026-03-24T08:43:01Z,The Times of India,Reuters,Global Markets | Japanese shares pare gains on doubts over Trump's Iran remarks,Japanese shares pared ​gains on Tuesday as investors ​remained unconvinced that U.S. President Donald Trump's comments about holding ​off on targeting Iran's energy infrastructure would lead to a breakthrough in the Middle East conflict.,Japanese shares pared gains on Tuesday as investors remained unconvinced that U.S. President Donald Trump's comments about holding off on targeting Iran's energy infrastructure would lead to a breakt… [+1652 chars],https://economictimes.indiatimes.com/markets/us-stocks/news/global-markets-japanese-shares-pare-gains-on-doubts-over-trumps-iran-remarks/articleshow/129771552.cms
BRK-B,2026-03-24T07:09:33Z,Financial Post,Bloomberg News,Japan Stocks Rebound as Trump Delays Iran Strikes; Insurers Gain,"Japanese shares rose after Donald Trump’s postponement of attacks on Iranian energy infrastructure eased some concerns about the conflict, lifting risk appetite.","(Bloomberg) Japanese shares rose after Donald Trumps postponement of attacks on Iranian energy infrastructure eased some concerns about the conflict, lifting risk appetite.
THIS CONTENT IS RESERVED … [+4080 chars]",https://financialpost.com/pmn/business-pmn/japan-stocks-rebound-as-trump-delays-iran-strikes-insurers-gain
BRK-B,2026-03-24T06:15:00Z,Motley Fool Australia,James Mickleboro,"Where to invest $50,000 in ASX ETFs for the next 10 years","Let's see why these funds could be worth holding tight to for the long term.
The post Where to invest $50,000 in ASX ETFs for the next 10 years appeared first on The Motley Fool Australia.","If you have $50,000 to invest, taking a long-term buy and hold approach can be a smart way to build wealth.
Rather than trying to time the market, focusing on quality investments and holding them ov… [+2830 chars]",https://www.fool.com.au/2026/03/24/where-to-invest-50000-in-asx-etfs-for-the-next-10-years/
BRK-B,2026-03-23T17:29:09Z,Fortune,Jacqueline Munis,Kalshi takes a page from Warren Buffett’s March Madness playbook by offering $1 billion for a perfect bracket,"For less-than-perfect brackets, Kalshi is promising $1 million to the user who correctly guesses the most winners.","Prediction market Kalshi loves a publicity stunt. In February, the company handed out free groceries to hundreds of New Yorkers. Now, its taking a page from Warren Buffetts playbook and offering a $1… [+2738 chars]",https://fortune.com/2026/03/23/kalshi-march-madness-contest-warren-buffett-1-billion-prize-perfect-bracket/
BRK-B,2026-03-23T15:50:44Z,Fortune,Sydney Lake,Meet the billionaires bankrolling March Madness Sweet 16 schools—from the Dallas Cowboys owner to Carlyle Group’s founder,"Billionaires like Carlyle Group's David Rubenstein, Dallas Cowboys owner Jerry Jones, and Houston Rockets owner Tilman Fertitta have poured tens of millions into the college basketball programs competing in the 2026 March Madness Sweet 16.",Behind the nations greatest college basketball teams is a steady flow of donations from billionaires with varying industry backgrounds and connections to the schools. Among them are the cofounder of … [+7259 chars],https://fortune.com/2026/03/23/billionaires-bankrolling-march-madness-sweet-16-2026/
BRK-B,2026-03-23T15:50:00Z,Yahoo Entertainment,,Berkshire Hathaway Is Buying Back Its Own Stock for the First Time Since 2024. Here's What It Signals.,,"If you click 'Accept all', we and our partners, including 247 who are part of the IAB Transparency &amp; Consent Framework, will also store and / or access information on a device (in other words, us… [+1046 chars]",https://consent.yahoo.com/v2/collectConsent?sessionId=1_cc-session_f5f0c2a4-52f0-4d78-9d2a-28931126a49d
BRK-B,2026-03-23T15:13:50Z,Al Jazeera English,Sarah Shamim,"Energy, water, bonds: What are Iran’s targets if Trump hits power plants?",Donald Trump's Strait of Hormuz deadline for Iran raises concerns about attacks on energy in the Middle East.,"United States President Donald Trump has ordered the Department of Defense, which the Trump administration calls the Department of War, to pause attacks on Irans power infrastructure for five days, h… [+9938 chars]",https://www.aljazeera.com/news/2026/3/23/energy-water-bonds-what-are-irans-targets-if-trump-hits-power-plants
BRK-B,2026-03-23T12:50:37Z,Ibtimes.com.au,Mike Clair,"Warren Buffett: Berkshire Hathaway Resumes Buybacks, Partners with Tokio Marine, and Sits on Record $373B Cash","OMAHA, Neb. — Warren Buffett, the legendary investor who stepped down as CEO of Berkshire Hathaway Inc. at the end of 2025, remains a central figure in financial news as his successor navigates the conglomerate's transition.","OMAHA, Neb. — Warren Buffett, the legendary investor who stepped down as CEO of Berkshire Hathaway Inc. at the end of 2025, remains a central figure in financial news as his successor navigates the c… [+5160 chars]",https://www.ibtimes.com.au/warren-buffett-berkshire-hathaway-resumes-buybacks-partners-tokio-marine-sits-record-373b-1864155
BRK-B,2026-03-23T11:13:45Z,The Times of India,Sneha Kulkarni,Wealth quote of the day: Do not save what is left after spending; instead ….. by Warren Buffett,"Warren Buffett emphasizes the importance of saving first, then spending, as a crucial habit for long-term financial success. Developing this habit early is key to a brighter financial future.","A lot of people struggle to save money, even if they have a decent salary. Warren Buffet has pointed out how important it is to make saving a part of your life as a good habit for long-term success. … [+3350 chars]",https://economictimes.indiatimes.com/wealth/invest/wealth-quote-of-the-day-do-not-save-what-is-left-after-spending-instead-by-warren-buffett/articleshow/129750564.cms
BRK-B,2026-03-23T10:12:27Z,The Times of India,Reuters,Berkshire Hathaway eyes $1.8 billion stake in Tokio Marine,Tokio Marine ​Holdings ​Inc said on Monday it ​would form a strategic partnership with Warren Buffett's Berkshire Hathaway by ‌initially selling ⁠a 2.49% ⁠stake through a third-party ​allotment of treasury shares.,"(What's moving Sensex and Nifty Track latest market news, stock tips, Budget 2025, Share Market on Budget 2025 and expert advice, on ETMarkets. Also, ETMarkets.com is now on Telegram. For fastest new… [+330 chars]",https://economictimes.indiatimes.com/markets/us-stocks/news/berkshire-hathaway-eyes-1-8-billion-stake-in-tokio-marine/articleshow/129749006.cms
BRK-B,2026-03-23T09:31:00Z,GlobeNewswire,SNS Insider pvt ltd,"Green Building Materials Market Anticipated to Touch USD 1,277.52 Billion by 2035 | SNS Insider","The Green Building Materials Market is expanding as demand rises for low-carbon, energy-efficient construction solutions, with the U.S. segment growing from USD 163.85 billion in 2025 to USD 503.58 billion by 2035 amid strong ESG and regulatory adoption. The …","Austin, March 23, 2026 (GLOBE NEWSWIRE) -- The Green Building Materials Market size was estimated at USD 415.39 billion in 2025 and is expected to reach USD 1,277.52 billion by 2035, growing at a CAG… [+7444 chars]",https://www.globenewswire.com/news-release/2026/03/23/3260172/0/en/Green-Building-Materials-Market-Anticipated-to-Touch-USD-1-277-52-Billion-by-2035-SNS-Insider.html
BRK-B,2026-03-23T09:18:04Z,Insurance Journal,"Lisa Du, Nao Sano","Tokio Marine to Form Partnership With Berkshire Hathaway, Initially Selling 2.49% Stake",Tokio Marine Holdings Inc. said on Monday it would form a strategic partnership with Warren Buffett’s Berkshire Hathaway by initially selling a 2.49% stake through a third-party allotment of treasury shares. Berkshire Hathaway in 2019 kicked off a number of …,"Berkshire Hathaway Inc. will invest 287.4 billion yen ($1.8 billion) in insurer Tokio Marine Holdings Inc., ramping up the US conglomerate’s exposure to the Japanese market.National Indemnity Company… [+2801 chars]",https://www.insurancejournal.com/news/international/2026/03/23/862897.htm
BRK-B,2026-03-23T09:09:10Z,Financial Post,Business Wire,Berkshire Hathaway Specialty Insurance Launches Executive First D&O Liability Insurance Policies in Switzerland,BOSTON & ZURICH — Berkshire Hathaway Specialty Insurance (BHSI) today announced the introduction of two new Executive First D&O Liability Insurance policies in Switzerland: one tailored for commercial and industrial organizations and another for financial ins…,BOSTON &amp; ZURICH Berkshire Hathaway Specialty Insurance (BHSI) today announced the introduction of two new Executive First D&amp;O Liability Insurance policies in Switzerland: one tailored for com… [+5404 chars],https://financialpost.com/pmn/business-wire-news-releases-pmn/berkshire-hathaway-specialty-insurance-launches-executive-first-do-liability-insurance-policies-in-switzerland
BRK-B,2026-03-23T07:20:51Z,CNA,,"Tokio Marine to form partnership with Berkshire Hathaway, initially sell 2.49% stake","TOKYO, March 23 : Tokio Marine Holdings Inc said on Monday it would form a strategic partnership with Warren Buffett's Berkshire Hathaway by initially selling a 2.49 per cent stake through a third-party allotment of treasury shares.Berkshire Hathaway in 2019 …","TOKYO, March 23 : Tokio Marine Holdings Inc said on Monday it would form a strategic partnership with Warren Buffett's Berkshire Hathaway by initially selling a 2.49 per cent stake through a third-pa… [+1148 chars]",https://www.channelnewsasia.com/business/tokio-marine-form-partnership-berkshire-hathaway-initially-sell-249-stake-6011011
BRK-B,2026-03-22T16:05:33Z,Fortune,Preston Fore,Warren Buffett admits his original philanthropic  plans were not ‘feasible’—he’s instead left his three kids $500 million a year to give away,The Berkshire Hathaway billionaire says his longevity has led to “unavoidable consequences” for his charitable objectives.,Warren Buffettlong known as one of the worlds most successful investors and committed philanthropistsis rethinking how his fortune will be spent.Though he no longer holds the title of worlds richest … [+4197 chars],https://fortune.com/article/warren-buffett-billionaire-philanthropy-plans-wealth-distribution-giving-pledge/
BRK-B,2026-04-18T03:58:53Z,The Times of India,Reuters,"Berkshire CEO Abel sold stocks managed by ex-portfolio manager Combs, WSJ reports","Berkshire Hathaway CEO Greg Abel has divested stocks once overseen by Todd Combs. Combs departed Berkshire in December for JPMorgan Chase. This move signals a significant shift in Berkshire's investment portfolio under Abel, who took over as CEO in January. W…","(What's moving Sensex and Nifty Track latest market news, stock tips, Budget 2025, Share Market on Budget 2025 and expert advice, on ETMarkets. Also, ETMarkets.com is now on Telegram. For fastest new… [+330 chars]",https://economictimes.indiatimes.com/markets/us-stocks/news/berkshire-ceo-abel-sold-stocks-managed-by-ex-portfolio-manager-combs-wsj-reports/articleshow/130346726.cms
BRK-B,2026-04-17T23:04:57Z,Financial Post,GlobeNewswire,Purpose Investments Inc. Announces April 2026 Distributions,"TORONTO, April 17, 2026 (GLOBE NEWSWIRE) — Purpose Investments Inc. (“Purpose”) is pleased to announce distributions for the month of April 2026 for its open-end exchange traded funds and closed-end funds (“the Funds”). The ex-distribution date for all Open-E…","TORONTO, April 17, 2026 (GLOBE NEWSWIRE) Purpose Investments Inc. (Purpose) is pleased to announce distributions for the month of April 2026 for its open-end exchange traded funds and closed-end fund… [+15557 chars]",https://financialpost.com/globe-newswire/purpose-investments-inc-announces-april-2026-distributions
BRK-B,2026-04-17T23:00:00Z,GlobeNewswire,Purpose Investments Inc.,Purpose Investments Inc. Announces April 2026 Distributions,"TORONTO, April 17, 2026 (GLOBE NEWSWIRE) -- Purpose Investments Inc. (“Purpose”) is pleased to announce distributions for the month of April 2026 for its open-end exchange traded funds and closed-end funds (“the Funds”).","TORONTO, April 17, 2026 (GLOBE NEWSWIRE) -- Purpose Investments Inc. (Purpose) is pleased to announce distributions for the month of April 2026 for its open-end exchange traded funds and closed-end f… [+13479 chars]",https://www.globenewswire.com/news-release/2026/04/17/3276537/0/en/Purpose-Investments-Inc-Announces-April-2026-Distributions.html
BRK-B,2026-04-17T22:20:05Z,Yahoo Entertainment,John Csiszar,"Musk’s Latest Announcement: SpaceX, Grok and What It Means for Investors","SpaceX’s IPO buzz is soaring after its xAI merger. Here’s what the massive valuation, retail access and Musk’s strategy could end up meaning for investors.","SpaceX is planning to go public in June, and its initial public offering (IPO) is generating plenty of buzz among investors and analysts. The company recently merged with Elon Musks artificial intell… [+2521 chars]",https://finance.yahoo.com/markets/stocks/articles/musk-latest-announcement-spacex-grok-222005946.html
BRK-B,2026-04-17T22:00:00Z,Robb Report,Wbowmandirt,A Revitalized 1920s Estate in Montecito Captures Coastal Views for $35 Million,"Originally designed by architect Mary McLaughlin Craig and reimagined by SoCal developer Xorin Balbes, the village-like property has a pickleball court and an entertainment pavilion.","Overflowing with original character and style, this 1920s Spanish Colonial Revival residence in the affluent seaside enclave of Montectio has undergone an extensive makeover courtesy of prolific real… [+3206 chars]",http://robbreport.com/shelter/homes-for-sale/la-macarena-estate-montecito-xorin-balbes-1237995881/
BRK-B,2026-04-17T17:30:18Z,IPWatchdog.com,Steve Brachmann,"Other Barks & Bites for Friday, April 17: CAFC Reverses District Court Rulings in Penile Implant Patent Case; CJEU Clarifies Scope of ‘Pastiche’ Copyright Exception; Stanford AI Index Shows Tech Gap Between U.S. And China Nearly Gone",This week in Other Barks & Bites: the Federal Circuit reverses a California district court’s denial of JMOL on trade secret and patent inventorship claims related to a cosmetic penile implant; the Senate Commerce Committee unanimously advances a bill to reaut…,"Bites (noun): more meaty news to sink your teeth into.
Barks (noun): peripheral noise worth your attention.
Want to have your doggie(s) featured in one of our future Barks &amp; Bites Columns? Send… [+12166 chars]",https://ipwatchdog.com/?p=200592
BRK-B,2026-04-17T16:00:20Z,Brownstoner.com,Susan De Vries,"A Prospect Park South Standalone and More to See, Starting at $875K","Our picks for open houses to check out this weekend are found in Prospect Park South, Williamsburg, Kensington, and Bay Ridge. They range in price from $875,000 to $4.25 million.
116 Buckingham Road
Price: $4.25 million
Area: Prospect Park South
Broker: Berks…","Our picks for open houses to check out this weekend are found in Prospect Park South, Williamsburg, Kensington, and Bay Ridge. Our picks for open houses to check out this weekend are found in Prospec… [+957 chars]",http://www.brownstoner.com/real-estate-market/brooklyn-open-houses-prospect-park-south-bay-ridge-041726/
BRK-B,2026-04-17T10:12:05Z,24/7 Wall St.,Austin Smith,Why Income Investors Love GAB’s Dividend (And Why They Shouldn’t),"Gabelli Equity Trust (NYSE:GAB) has paid a steady $0.15 quarterly dividend for years, which at a recent share price of roughly $5.7 translates to an...","<ul><li>Gabelli Equity Trust (GAB) pays 10.6% yield but relies on leverage and capital gains, not organic portfolio income.
</li><li>Gabelli Equity Trusts low-yielding holdings like Berkshire Hathaw… [+4821 chars]",https://247wallst.com/investing/2026/04/17/why-income-investors-love-gabs-dividend-and-why-they-shouldnt/
BRK-B,2026-04-17T07:17:00Z,Fortune,Amanda Gerut,A secretive tycoon known as the ‘French Murdoch’ holds the key to Bill Ackman’s $64 billion bid for Universal Music Group,"Vincent Bolloré keeps his cards close to his chest, and trying to guess what he’ll do is “very dangerous,” say analysts.","Activist investor Bill Ackman has his sights set on Universal Music Group, and hes launched a complex $64 billion proposal for the label behind Bad Bunny, Taylor Swift, Paul McCartney and a long list… [+12067 chars]",https://fortune.com/2026/04/17/bill-ackman-bid-universal-music-group-french-billionaire-tycoon/
BRK-B,2026-04-16T13:39:36Z,Yahoo Entertainment,,Berkshire Hathaway Just Sold $1.7 Billion in Yen Bonds. What Does That Mean and Why Did New CEO Greg Abel Make the Company’s Third-Largest Yen Deal Ever?,,"If you click 'Accept all', we and our partners, including 251 who are part of the IAB Transparency &amp; Consent Framework, will also store and / or access information on a device (in other words, us… [+1046 chars]",https://consent.yahoo.com/v2/collectConsent?sessionId=1_cc-session_6a70f3ef-4bf4-4539-916e-ffe38b14109d
BRK-B,2026-04-16T09:41:24Z,Business Insider,Theron Mohamed,Why Warren Buffett's cash pile and Michael Burry's AI doubts make sense in this market,"Wedbush's Paul Dietrich applauded Warren Buffett's preparation for trouble, and said he agrees with Michael Burry's AI critique.","Warren Buffett is the chairman of Berkshire Hathaway.Johannes EISELE / AFP via Getty Images
<ul><li>Paul Dietrich applauded Warren Buffett's cash pile and Michael Burry's skepticism of AI stocks.</l… [+3533 chars]",https://www.businessinsider.com/warren-buffett-cash-michael-burry-ai-stocks-dietrich-energy-iran-2026-4
BRK-B,2026-04-16T05:00:00Z,The Irish Times,Dave Hannigan,"His $1bn fortune blown, Floyd Mayweather might just need to fight again","Now 49, the former world champion is being pursued by the taxman for millions. A Netflix payday may beckon",Its almost a decade since Floyd Mayweather jnr filed a slew of trademark applications involving gaudy variations of his name combined with the word Money. That flurry of braggadocious business came n… [+5423 chars],https://www.irishtimes.com/sport/boxing/2026/04/16/dave-hannigan-his-1bn-fortune-blown-floyd-mayweather-might-just-need-to-fight-again/
BRK-B,2026-04-15T16:46:17Z,The Times of India,Mannat Dora,Paytm becomes fully Indian-owned: What changes now?,"Domestic investors now own 50.3% of the digital payment firm's equity, marking a transition to majority Indian ownership and control. This shift is driven by increased participation from domestic institutional investors (DIIs).","Paytm, operated by One97 Communications, has officially become an Indian owned and controlled company (IOCC), according to a regulatory filing with stock exchanges on Tuesday.The development follows … [+4793 chars]",https://economictimes.indiatimes.com/tech/technology/paytm-becomes-majority-indian-owned-what-changes-now/articleshow/130289365.cms
BRK-B,2026-04-15T16:46:17Z,The Times of India,Mannat Dora,Paytm’s cap table turns Indian: What changes now?,"Domestic investors now own 50.3% of the digital payment firm's equity, marking a transition to majority Indian ownership and control. This shift is driven by increased participation from domestic institutional investors (DIIs).","Paytm, operated by One97 Communications, has officially become an Indian owned and controlled company (IOCC), according to a regulatory filing with stock exchanges on Tuesday.The development follows … [+4793 chars]",https://economictimes.indiatimes.com/tech/technology/paytms-cap-table-turns-indian-what-changes-now/articleshow/130289365.cms
BRK-B,2026-04-15T13:04:30Z,Financial Post,Business Wire,Duracell Partners with Lionel Messi to Reveal Why He’s Built Different,"Eight-time Ballon D’Or Winner & World Cup Champion, Leo Messi, Joins the Duracell Scientist to Prove that Power Boost™ Ingredients Are the Difference Maker CHICAGO — Duracell, one of the world’s leading battery manufacturers, today unveiled its partnership wi…","Sorry, your browser doesn't support embedded videos.
THIS CONTENT IS RESERVED FOR SUBSCRIBERS ONLY
Subscribe now to read the latest news in your city and across Canada.
<ul><li>Exclusive articles … [+5343 chars]",https://financialpost.com/pmn/business-wire-news-releases-pmn/duracell-partners-with-lionel-messi-to-reveal-why-hes-built-different
BRK-B,2026-04-15T12:31:04Z,Ibtimes.com.au,Mike Clair,Warren Buffett Sounds Fresh Market Caution as Berkshire's Cash Pile Hits Record in 2026,"OMAHA, Neb. — Warren Buffett, the legendary investor who stepped down as Berkshire Hathaway CEO at the end of 2025, continues to influence the financial world from his role as chairman, issuing measured warnings about market valuations while the conglomerate …","OMAHA, Neb. — Warren Buffett, the legendary investor who stepped down as Berkshire Hathaway CEO at the end of 2025, continues to influence the financial world from his role as chairman, issuing measu… [+7539 chars]",https://www.ibtimes.com.au/warren-buffett-sounds-fresh-market-caution-berkshires-cash-pile-hits-record-2026-1866644
BRK-B,2026-04-15T12:00:00Z,Variety,Brian Steinberg,Duracell Taps Lionel Messi to Power Promotions During World Cup,"Duracell may have come up with an advertising concept that can last as long as its popular batteries. As the World Cup tournament draws near, the Berkshire Hathaway-owned copper-top staple is launching a new campaign featuring soccer champion Lionel Messi, wh…","Duracell may have come up with an advertising concept that can last as long as its popular batteries.
As the World Cup tournament draws near, the Berkshire Hathaway-owned copper-top staple is launch… [+3153 chars]",https://variety.com/2026/tv/news/duracell-lionel-messi-power-world-cup-1236722047/
BRK-B,2026-04-14T15:36:08Z,Insurance Journal,admin,People Moves: Aon Commercial Risk Taps Reed From Howden as CCO in UK; BHSI UK Names Kirby Country Manager and Nixon to Lead Exec & Professional Lines,"This edition of International People Moves details appointments at Aon Commercial and Berkshire Hathaway Specialty Insurance (BHSI). A summary of these new hires follows here. Aon Commercial Risk Taps Howden’s Reed as CCO, Major, Complex and Enterprise Client…","This edition of International People Moves details appointments at Aon Commercial and Berkshire Hathaway Specialty Insurance (BHSI).
A summary of these new hires follows here.
Aon Commercial Risk T… [+2720 chars]",https://www.insurancejournal.com/news/international/2026/04/14/865812.htm
BRK-B,2026-04-14T14:22:54Z,Fortune,Sydney Lake,Warren Buffett’s first tax return showed $7 owed to the IRS. The then-paperboy and former Berkshire Hathaway CEO is now worth $143 billion,That’s a far cry from the $26.8 billion Buffett said his company Berkshire Hathaway paid in 2024 taxes.,"Warren Buffett, who is worth $143 billion today and was once the richest man in the world, was once making mere pennies as a teenage paper boy. The Oracle of Omaha filed his very first tax return in … [+5421 chars]",https://fortune.com/2026/04/14/warren-buffett-first-tax-return-age-14-owed-7-dollars-irs-berkshire-hathaway-ceo-net-worth/
BRK-B,2026-04-14T14:22:54Z,Yahoo Entertainment,,Warren Buffett’s first tax return showed $7 owed to the IRS. The then paperboy and former Berkshire Hathaway CEO is now worth $143 billion,,"If you click 'Accept all', we and our partners, including 251 who are part of the IAB Transparency &amp; Consent Framework, will also store and / or access information on a device (in other words, us… [+1046 chars]",https://consent.yahoo.com/v2/collectConsent?sessionId=1_cc-session_96493903-f478-4e7b-8ac7-96b28d4794eb
BRK-B,2026-04-14T12:01:01Z,CNBC,Sophie Caldwell,"The top 10 large U.S. cities for recent college graduates in 2026, according to new report—3 are in Texas","New York City and LA didn't make the list, published by Glassdoor and Redfin on April 14.","As graduation approaches, many college seniors are choosing where to start their careers and put down roots.
In a report published Tuesday, job platform Glassdoor and real estate website Redfin rank… [+7040 chars]",https://www.cnbc.com/2026/04/14/top-large-us-cities-for-recent-college-grads-in-2026.html
BRK-B,2026-04-14T12:00:00Z,Redfin.com,Allie Drinkward,How to Choose the Right City After College: A Guide for Recent Grads,"Graduation day has come and gone, and now you’re staring at the big question: where to live next? Between job opportunities, rent prices, and lifestyle considerations, there’s a lot to weigh before making a move.  To help, Redfin teamed up with Glassdoor to r…","Graduation day has come and gone, and now youre staring at the big question: where to live next? Between job opportunities, rent prices, and lifestyle considerations, theres a lot to weigh before mak… [+10266 chars]",https://www.redfin.com/blog/how-to-choose-the-right-city-after-college/
BRK-B,2026-04-14T11:30:00Z,Mother Jones,Bob Lord,The American Experiment Has Been Infected by Oligarchs,"There’s a virus in our tax system. A stealth virus, it was embedded in America’s economic DNA for a century, biding its time, waiting for the appropriate conditions to reveal itself. And then we created those conditions, unleashing it to infect our institutio…","Get your news from a source thats not owned and controlled by oligarchs. Sign up for the free Mother Jones Daily.
Theres a virus in our tax system.
A stealth virus, it was embedded in Americas econ… [+19101 chars]",https://www.motherjones.com/politics/2026/04/us-federal-tax-system-progressive-oligarchy-rich-capital-unrealized-gains-wealth-inheritance-dynasty/
BRK-B,2026-04-14T11:00:00Z,Yahoo Entertainment,Stuart Chirls,Merged UP-NS would control half of all rail freight: BNSF CEO,"A rival CEO warned the proposed merger of Union Pacific and Norfolk Southern, if approved, would give the transcontinental behemoth a commanding 50% share of...","MINNEAPOLIS The proposed coast-to-coast merger of Union Pacific and Norfolk Southern is bad for the industry, a rival CEO warned, and would give the transcontinental behemoth a dominant 50% share of … [+5329 chars]",https://finance.yahoo.com/economy/policy/articles/merged-ns-control-half-rail-110000172.html
BRK-B,2026-04-14T09:26:00Z,Yahoo Entertainment,,One of Greg Abel's Forever Holdings at Berkshire Hathaway Is Breaking Warren Buffett's Most Important Investing Rule,,"If you click 'Accept all', we and our partners, including 251 who are part of the IAB Transparency &amp; Consent Framework, will also store and / or access information on a device (in other words, us… [+1046 chars]",https://consent.yahoo.com/v2/collectConsent?sessionId=1_cc-session_31037647-6a94-49da-97fe-48c7650135fd
BRK-B,2026-04-14T01:12:14Z,The Times of India,Piyush Shukla,"Quote of the day by Charlie Munger, “It takes character to sit there with all that cash and do.....” — Here’s a timeless motivational quote by the mind behind Berkshire Hathaway’s legendary success","Quote of the day by Charlie Munger: In 2026, over $900 billion in market value reflects the success of Berkshire Hathaway. The strategy is simple. Long-term investing wins. Warren Buffett and Charlie Munger built wealth through patience, discipline, and ratio…","Quote of the day by Charlie Munger Every quote of the day that goes viral usually promises motivation, but very few deliver real financial wisdom that stands the test of time. The words of Charlie Mu… [+8285 chars]",https://economictimes.indiatimes.com/news/international/us/quote-of-the-day-by-charlie-munger-it-takes-character-to-sit-there-with-all-that-cash-and-do-nothing-heres-a-timeless-motivational-quote-by-the-mind-behind-berkshire-hathaways-legendary-success/articleshow/130246088.cms
BRK-B,2026-04-13T22:00:49Z,Dailyreckoning.com,Adam Sharp,The Glorious Return of Fundamentals,"This post The Glorious Return of Fundamentals appeared first on Daily Reckoning.
Meme stocks are out, hard assets are in...
The post The Glorious Return of Fundamentals appeared first on Daily Reckoning.","Today were going to take a break from the Middle East, and focus on an important shift taking place in markets.
Slowly, investors are beginning to appreciate fundamentals again.
After more than a d… [+4799 chars]",https://dailyreckoning.com/the-glorious-return-of-fundamentals/
BRK-B,2026-04-13T19:03:49Z,Yahoo Entertainment,,Berkshire Hathaway Is Loading Up on These 4 Stocks. Here’s Why,,"If you click 'Accept all', we and our partners, including 251 who are part of the IAB Transparency &amp; Consent Framework, will also store and / or access information on a device (in other words, us… [+1046 chars]",https://consent.yahoo.com/v2/collectConsent?sessionId=1_cc-session_091fa99c-8f2a-49e7-965a-5ee570f31090
BRK-B,2026-04-13T18:30:27Z,Macdailynews.com,MacDailyNews,Warren Buffett reveals the real reason why Berkshire cut its Apple stake in half,"Berkshire Hathaway has sold well over half of its stake in Apple in recent years, significantly reducing the tech giant’s weight in its…
The post Warren Buffett reveals the real reason why Berkshire cut its Apple stake in half appeared first on MacDailyNews.","Warren Buffett on May 4, 2024
Berkshire Hathaway has sold well over half of its stake in Apple in recent years, significantly reducing the tech giants weight in its portfolio. Once accounting for ro… [+2954 chars]",https://macdailynews.com/2026/04/13/warren-buffett-reveals-the-real-reason-why-berkshire-cut-its-apple-stake-in-half/
BRK-B,2026-04-13T17:45:05Z,The Times of India,Piyush Shukla,Bill Ackman Pershing Square IPO: $2.8 billion raised ahead of dual listing as Bill Ackman eyes Berkshire Hathaway-style empire,"Bill Ackman Pershing Square IPO has already secured $2.8 billion, signaling strong early demand. This dual IPO will list Pershing Square Capital Management under PS and launch Pershing Square USA (PSUS) at $50 per share. The fund targets up to $10 billion, ma…","Bill Ackman Pershing Square IPO is finally real, and the numbers are already turning heads across Wall Street. In April 2026, Pershing Square Capital Management confirmed it had privately raised $2.8… [+5636 chars]",https://economictimes.indiatimes.com/news/international/us/bill-ackman-pershing-square-ipo-2-8-billion-raised-ahead-of-dual-listing-as-bill-ackman-eyes-berkshire-hathaway-style-empire/articleshow/130243090.cms
BRK-B,2026-04-13T00:00:00Z,Insurance Journal,admin,People,"National Liberty Mutual Insurance, headquartered in Boston, Massachusetts, named Phil Hobbs, currently president, Liberty International Insurance, as president of underwriting, Global Risk Solutions (GRS). Hobbs, based in London, leads underwriting strategy, …","National
Phil Hobbs
Liberty Mutual Insurance, headquartered in Boston, Massachusetts, named Phil Hobbs, currently president, Liberty International Insurance, as president of underwriting, Global Ri… [+8849 chars]",https://www.insurancejournal.com/magazines/mag-people/2026/04/13/865246.htm
BRK-B,2026-04-12T11:00:11Z,Yahoo Entertainment,Angela Mae Watson,How Much You’d Have If 15 Years Ago You Invested $100 in Each of These 11 Companies Owned by Top Billionaires,We figured out what a $100 investment in each of these companies 15 years ago would be today -- and whether or not it would've been a smart investment.,"The total combined wealth of the 20 wealthiest billionaires hovers at around $3.8 trillion, according to Visual Capitalist. Thats more than the gross domestic product of France.
Many of these billio… [+2477 chars]",https://finance.yahoo.com/markets/stocks/articles/much-d-15-years-ago-110011929.html
BRK-B,2026-04-12T08:00:10Z,Inman,Jimmy Burgess,The 3-step framework that helps agents break out of a slump,"The actions that will help you break through a plateau align with a framework that has stood the test of time: ask, seek, knock, Jimmy Burgess writes.","Feeling like your business is stalled right now? Maybe the market has shifted. Maybe your business has plateaued. Or maybe youre simply trying to get back to where you once were.
Whatever the reason… [+4165 chars]",https://www.inman.com/2026/04/12/the-3-step-framework-that-helps-agents-break-out-of-a-slump/
BRK-B,2026-04-11T21:45:00Z,GlobeNewswire,Weiss Ratings,AI's Second Wind Is Here — Weiss Ratings Plus Report Cites 303% Historical Average and 2026 Data Signals Pointing Beyond the First AI Cycle,Weiss Ratings Plus report describes AI's Second Wind as a 2026 data shift beyond the first cycle — citing 303% historical average and new Buy signals....,"Palm Beach Gardens, FL, April 11, 2026 (GLOBE NEWSWIRE) -- This release is for informational purposes only and does not constitute investment advice. This article contains affiliate links a commissio… [+23413 chars]",https://www.globenewswire.com/news-release/2026/04/11/3272126/0/en/AI-s-Second-Wind-Is-Here-Weiss-Ratings-Plus-Report-Cites-303-Historical-Average-and-2026-Data-Signals-Pointing-Beyond-the-First-AI-Cycle.html
BRK-B,2026-04-11T14:00:00Z,Mental Floss,Jenny Cohen,These States Have Created the Most Billionaires—See the Map,See the map of the U.S. states that have created the most billionaires.,"The United States has created more billionaires than any other country in the world, but some states stand out when it comes to these wealthy individuals.
There are currently 3,428 billionaires arou… [+6214 chars]",https://www.mentalfloss.com/geography/maps/states-created-most-billionaires
BRK-B,2026-04-11T11:55:00Z,Fortune,Preston Fore,Former Tesla president reveals the ‘single most important thing’ you can do for your career—it’s a habit Elon Musk and Warren Buffett share too,"Forget an MBA: The true secret to a successful career starts with picking up that dusty book on your nightstand, according to former Tesla president Jon McNeill.","Jon McNeill has had a front-row seat to how the worlds most successful leaders operate. As former president of Teslareporting directly to Elon Muskand later COO of Lyft, hes spent years working along… [+4626 chars]",https://fortune.com/2026/04/11/jon-mcneill-former-tesla-president-career-advice-read-books-like-billionaires-elon-musk-warren-buffett/
BRK-B,2026-04-11T11:43:24Z,CNBC,Alex Crippen,Berkshire electric utility's court win could save it billions,PacifiCorp court win could reduce wildfire damages by $1 billion or more.,"(This is the Warren Buffett Watch newsletter, news and analysis on all things Warren Buffett and Berkshire Hathaway. You can sign up here to receive it every Friday evening in your inbox.)
PacifiCor… [+8341 chars]",https://www.cnbc.com/2026/04/11/berkshire-electric-utilitys-court-win-could-save-it-billions.html
BRK-B,2026-04-11T10:52:37Z,Fortune,Emma Burleigh,"Warren Buffett says ‘accumulating great amounts of money’ doesn’t achieve greatness—He still lives in a $31,500 Nebraska home and clipped coupons","Berkshire Hathaway mogul Buffett, worth $143 billion, said kindness is more golden than big bank accounts. He still eats at McDonald’s, and said luxury purchases wouldn’t make him happier.","Many entrepreneurs strive to one day add millionaire, or even billionaire, to their list of achievements; its become an industry-wide sign that theyve finally made it in business. But billionaire inv… [+3535 chars]",https://fortune.com/article/warren-buffett-accumulating-great-money-doesnt-achieve-greatness-nebraska-home-clips-coupons/
BRK-B,2026-04-11T08:08:50Z,The Times of India,Trending Desk,Quote of the Day by Warren Buffett: 'It takes 20 years to build a reputation and five minutes...' Legendary investor's insight on how one wrong move can destroy your image,"Warren Buffett's quote: Warren Buffett, one of the most successful investors of all time, said in one of his quotes that it takes 20 years to build a reputation and five minutes to ruin it. Buffett tries to convey that building a reputation takes years of har…","Quote of the Day by Warren Buffett: One careless post, one wrong decisionand everything you built over the years can collapse in minutes. Thats the powerful warning behind a timeless insight from leg… [+4078 chars]",https://economictimes.indiatimes.com/news/new-updates/quote-of-the-day-by-warren-buffett-it-takes-20-years-to-build-a-reputation-and-five-minutes-legendary-investors-insight-on-how-one-wrong-move-can-destroy-your-image/articleshow/130187133.cms
BRK-B,2026-04-10T17:49:40Z,New York Post,Annie Gaus,Nancy Pelosi’s stock trading crown threated by lawmaker’s eye-popping Nvidia jackpot,"Ro Khanna, progressive Silicon Valley rep, has been criticized for his extensive investments.","There’s a “new king in town” when it comes to congressional stock traders at least when it comes to AI chipmaker Nvidia.
Silicon Valley Rep. Ro Khanna earned a 143% return of between $100,000 and $2… [+3707 chars]",https://nypost.com/2026/04/10/us-news/silicon-valley-has-a-new-congressional-stock-trading-king/
BRK-B,2026-04-10T17:11:27Z,New York Post,Ross O'Keefe,Spencer Pratt makes bold demand of LA Times after ‘hit piece’ about his California residency,"LA mayoral candidate Spencer Pratt is demanding the Los Angeles Times retract its ""hit piece"" against him over his eligibility to run for mayor and apologize after they questioned the Palisades survivor's residency.","Los Angeles mayoral candidate Spencer Pratt is demanding that The Los Angeles Times retract its story questioning the Palisades Fire survivor’s eligibility for the race based on his residency.
Pratt… [+4303 chars]",https://nypost.com/2026/04/10/us-news/spencer-pratt-demands-la-times-retract-story-questioning-mayoral-eligibility/
BRK-B,2026-04-10T16:37:59Z,Boredpanda.com,Rocio Corsi,Warren Buffett’s Berkshire Hathaway Has Been Making Quiet Move That Has Investors Worried,Warren Buffett moved Berkshire Hathaway into a defensive position by building cash and selling off stocks.,"Warren Buffett’s Berkshire Hathaway, a $1.1 trillion conglomerate spanning insurance, railroads, and major stock investments, has been making a quiet shift that is starting to raise concerns.
Over t… [+5131 chars]",https://www.boredpanda.com/berkshire-hathaway-has-been-making-quiet-move-that-has-investors-worried/
BRK-B,2026-04-10T13:45:00Z,Page Six,mliss1578,Inside Bill Ackman’s bombshell play for Taylor Swift’s label Universal Music — and the huge role Michael Ovitz will play,"Talk about burying the lede… Michael Ovitz will be chairman of the board of Universal Music Group if billionaire Bill Ackman‘s bid for the music giant goes through — marking a return to the entertainment business for the CAA co-founder, who has focused on Sil…","Talk about burying the lede
Michael Ovitz will be chairman of the board of Universal Music Group if billionaire Bill Ackman‘s bid for the music giant goes through marking a return to the entertainme… [+4656 chars]",https://pagesix.com/2026/04/10/hollywood/inside-bill-ackmans-bombshell-play-for-taylor-swifts-label-universal-music-and-the-huge-role-michael-ovitz-will-play/
BRK-B,2026-04-10T13:05:08Z,Financial Post,Bloomberg News,Stocks Rise on In-Line CPI Ahead of US-Iran Talks: Markets Wrap,"The first inflation snapshot of the war-fueled spike in energy costs matched expectations, driving stocks higher ahead of this weekend’s planned talks between the US and Iran.","(Bloomberg) The first inflation snapshot of the war-fueled spike in energy costs matched expectations, driving stocks higher ahead of this weekends planned talks between the US and Iran.
THIS CONTEN… [+5596 chars]",https://financialpost.com/pmn/business-pmn/stocks-rise-on-in-line-cpi-ahead-of-us-iran-talks-markets-wrap
BRK-B,2026-04-10T11:12:49Z,Business Insider,Theron Mohamed,'Shark Tank' star Kevin O'Leary says you're not rich unless you have $5 million in liquid assets,"Kevin O'Leary of ""Shark Tank"" fame says people aren't truly wealthy if their money is ""tied up"" in cars, homes, or jewelry.","""Shark Tank"" investor Kevin O'Leary says real wealth is having $5 million in liquid assets.Jason Armond/Los Angeles Times via Getty Images
<ul><li>Kevin O'Leary says you need at least $5 million in … [+3094 chars]",https://www.businessinsider.com/kevin-oleary-shark-tank-wealth-goal-liquid-assets-personal-finance-2026-4
BRK-B,2026-04-10T08:45:26Z,Inman,AJ LaTrace,From Warped Tour to home tours: Meet the musicians who found their second stage in real estate,"For many touring musicians, the transition into a second career in real estate isn't as surprising as it sounds.","In the summer of 2014, Cyrus Bolooki was doing what hed spent the better part of two decades doing playing drums with New Found Glory, traveling from city to city during another long, brutally hot su… [+7667 chars]",https://www.inman.com/2026/04/10/musicians-real-estate-agents-new-found-glory-armor-for-sleep-hush-sound/
BRK-B,2026-04-10T08:14:54Z,Ibtimes.com.au,Jerry Thompson,"Warren Buffett Drinks 1,825 Cans of Coke Yearly: The Oracle's Iconic Habit at Age 95","OMAHA, Neb. — Warren Buffett, the legendary Berkshire Hathaway chairman who turned 95 in 2025, continues to consume approximately five 12-ounce servings of Coca-Cola products daily — a habit that adds up to roughly 1,825 cans per year and accounts for about a…","OMAHA, Neb. — Warren Buffett, the legendary Berkshire Hathaway chairman who turned 95 in 2025, continues to consume approximately five 12-ounce servings of Coca-Cola products daily — a habit that add… [+6476 chars]",https://www.ibtimes.com.au/warren-buffett-drinks-1825-cans-coke-yearly-oracles-iconic-habit-age-95-1866027
BRK-B,2026-04-09T17:51:06Z,Ibtimes.com.au,Mike Clair,GameStop Shares Edge Higher as $9 Billion Cash Pile and Acquisition Buzz Keep Meme Stock Hopes Alive,GameStop Corp. shares ticked up modestly Thursday as the video game retailer's massive cash reserves and persistent speculation about a transformational acquisition under CEO Ryan Cohen continued to fuel investor interest despite ongoing revenue declines in i…,GameStop Corp. shares ticked up modestly Thursday as the video game retailer's massive cash reserves and persistent speculation about a transformational acquisition under CEO Ryan Cohen continued to … [+7487 chars],https://www.ibtimes.com.au/gamestop-shares-edge-higher-9-billion-cash-pile-acquisition-buzz-keep-meme-stock-hopes-alive-1865930
BRK-B,2026-04-09T14:13:32Z,The Times of India,Durva More,Why Warren Buffett isn’t buying yet: The big market fall he’s eyeing before making his move,Warren Buffett is staying patient as markets fall slightly in 2026. He is not buying stocks yet and wants a bigger drop before investing. Berkshire Hathaway is holding huge cash and keeping money in safe options. Buffett believes in long-term value and ignore…,Recent stock market drops have not worried legendary investor Warren Buffett. He called the current fall nothing and said he is still waiting. The market started falling after tensions linked to the … [+2456 chars],https://economictimes.indiatimes.com/news/international/us/why-warren-buffett-isnt-buying-yet-the-big-market-fall-hes-eyeing-before-making-his-move/articleshow/130145064.cms
BRK-B,2026-04-09T10:45:50Z,Ibtimes.com.au,Daniel Lee,Warren Buffett's Timeless Wisdom: 10 Best Quotes That Still Guide Investors in 2026,"Even after stepping down as CEO of Berkshire Hathaway at the end of 2025, Warren Buffett remains one of the most quoted voices in finance. His simple, folksy sayings on investing, patience and life continue to resonate as markets navigate high valuations, eco…","OMAHA, Neb. (AP) — Even after stepping down as CEO of Berkshire Hathaway at the end of 2025, Warren Buffett remains one of the most quoted voices in finance. His simple, folksy sayings on investing, … [+7200 chars]",https://www.ibtimes.com.au/warren-buffetts-timeless-wisdom-10-best-quotes-that-still-guide-investors-2026-1865893
BRK-B,2026-04-09T10:05:54Z,Rigzone,Jov Onsat,Perenco Seals Acquisition of Saturn Banks Fields from CalEnergy,Perenco acquired a 50 percent operating stake in the already developed Blythe and Elgood fields.,"Perenco said Wednesday it had completed its acquisition of Saturn Banks assets already connected to Perenco infrastructure from CalEnergy Resources Ltd.
""The transaction involved the purchase of Cal… [+2519 chars]",https://www.rigzone.com/news/perenco_seals_acquisition_of_saturn_banks_fields_from_calenergy-09-apr-2026-183412-article/
BRK-B,2026-04-09T08:34:43Z,Ibtimes.com.au,Tony Jackson,Bill Gates Selling These 5 Stocks in 2026: Foundation Trims Holdings to Fuel Philanthropy,"SEATTLE — Bill Gates continues to methodically sell shares from the Bill & Melinda Gates Foundation Trust portfolio in 2026, primarily to generate cash for the foundation's ambitious global health and poverty-fighting initiatives as annual spending ramps up t…","SEATTLE — Bill Gates continues to methodically sell shares from the Bill &amp; Melinda Gates Foundation Trust portfolio in 2026, primarily to generate cash for the foundation's ambitious global healt… [+8024 chars]",https://www.ibtimes.com.au/bill-gates-selling-these-5-stocks-2026-foundation-trims-holdings-fuel-philanthropy-1865876
BRK-B,2026-04-09T07:55:46Z,Ibtimes.com.au,Mike Clair,10 Stocks Warren Buffett Has Been Buying in 2026 Revealed: Berkshire's Latest Portfolio and Cash Moves,"OMAHA, Neb. — Warren Buffett may have retired as Berkshire Hathaway Inc.'s CEO on Jan. 1, 2026, but the legendary investor remains chairman and is still consulted on major capital decisions as the conglomerate navigates a record $373 billion cash pile and a s…","OMAHA, Neb. — Warren Buffett may have retired as Berkshire Hathaway Inc.'s CEO on Jan. 1, 2026, but the legendary investor remains chairman and is still consulted on major capital decisions as the co… [+5936 chars]",https://www.ibtimes.com.au/10-stocks-warren-buffett-has-been-buying-2026-revealed-berkshires-latest-portfolio-cash-moves-1865862
BRK-B,2026-04-09T05:00:13Z,Insurance Journal,Admin,Berkshire-Owned PacifiCorp Wins Ruling That Could Reduce Oregon Wildfire Damages,"An appeals court on Wednesday ruled in favor of Berkshire Hathaway’s PacifiCorp unit over a series of Oregon wildfires in 2020, saying a trial judge erred in letting litigation against the utility proceed as a class action. The decision by …","An appeals court on Wednesday ruled in favor of Berkshire Hathaway’s PacifiCorp unit over a series of Oregon wildfires in 2020, saying a trial judge erred in letting litigation against the utility pr… [+3374 chars]",https://www.insurancejournal.com/news/west/2026/04/09/865048.htm
BRK-B,2026-04-09T03:13:24Z,BusinessLine,Reuters,How the math works behind a $1.75 trillion SpaceX valuation,"SpaceX’s proposed $1.75 trillion valuation is driven by Starlink’s rapid growth, strong launch dominance and investor optimism, though stretched multiples and unproven bets raise questions over sustainability","Elon Musks SpaceX is seeking a
$1.75 trillion valuation in its forthcoming initial public
offering. How far into the stratosphere is that?
Going by common Wall Street metrics, the answer is, way o… [+5807 chars]",https://www.thehindubusinessline.com/markets/how-the-math-works-behind-a-175-trillion-spacex-valuation/article70840928.ece
BRK-B,2026-04-08T22:01:07Z,Yahoo Entertainment,Rishabh Mishra,Warren Buffett Isn't Buying The Dip Yet — Here's What Kind Of Market Drop He's Waiting For Instead,"Warren Buffett remains unfazed by recent market turbulence, dismissing the downturn as “nothing” while talking about Berkshire Hathaway Inc.'s massive cash...","Warren Buffett remains unfazed by recent market turbulence, dismissing the downturn as nothing while talking about Berkshire Hathaway Inc.'s massive cash pile ready for a true market plunge.
Since t… [+2785 chars]",https://finance.yahoo.com/markets/stocks/articles/warren-buffett-isnt-buying-dip-220107238.html
BRK-B,2026-04-08T18:17:37Z,Smartdatacollective.com,Sean Mallon,Can Data Analytics Help Investors Outperform Warren Buffett,Exploring whether AI and financial analytics can rival one of the greatest investing track records in history,We write a lot about financial analytics in the Smart Data Collective blog. Something that continues to spark debate is whether data-driven strategies can truly rival the long-term success of legenda… [+7296 chars],https://www.smartdatacollective.com/can-data-analytics-help-investors-outperform-warren-buffett/
BRK-B,2026-04-08T16:05:55Z,International Business Times UK,Niloy Chakrabarti,Buying Stocks During A War? Warren Buffett Did At 11 — Teaches Important Lesson For Investors,"Warren Buffett bought his first stock at the age of 11 in 1942 at the height of World War II, when times were likely much more uncertain compared with the ongoing Middle East conflict.","The Middle East conflict has rattled global stock markets, worsened by the mixed messaging from the US government in recent weeks ranging from talks of ending the war to threatening to send Iran back… [+2881 chars]",https://www.ibtimes.co.uk/buying-stocks-during-war-warren-buffett-did-11-teaches-important-lesson-investors-1790733
BRK-B,2026-04-08T13:55:46Z,Ibtimes.com.au,Mike Clair,10 Stocks Warren Buffett Has Been Aggressively Selling in 2026 as Berkshire Builds Record Cash,"Warren Buffett, the legendary investor who stepped down as Berkshire Hathaway CEO at the end of 2025, continued his pattern of net stock selling into early 2026, trimming major holdings to amass a record cash pile now exceeding $373 billion.","Warren Buffett, the legendary investor who stepped down as Berkshire Hathaway CEO at the end of 2025, continued his pattern of net stock selling into early 2026, trimming major holdings to amass a re… [+6899 chars]",https://www.ibtimes.com.au/10-stocks-warren-buffett-has-been-aggressively-selling-2026-berkshire-builds-record-cash-1865813
BRK-B,2026-04-08T12:30:44Z,The Times of India,Reuters,How the math works on a $1.75 trillion SpaceX valuation,"SpaceX would immediately become the sixth most-valuable publicly listed US firm, worth more ​than the likes of Meta Platforms, which has been publicly listed for more than a decade, and Berkshire Hathaway, a company older than SpaceX founder Elon Musk.","Elon Musk's SpaceX is seeking a $1.75 trillion valuation in its forthcoming initial public offering. How far into the stratosphere is that?Going by common Wall Street metrics, the answer is, way out … [+5692 chars]",https://economictimes.indiatimes.com/tech/technology/how-the-math-works-on-a-1-75-trillion-spacex-valuation/articleshow/130113338.cms
BRK-B,2026-04-08T09:02:51Z,The Times of India,Reuters,How the math works on a $1.75 trillion SpaceX valuation,"SpaceX is targeting a $1.75 trillion valuation for its upcoming IPO, aiming to raise over $75 billion. This valuation is driven by its profitable Starlink satellite network and a leading launch business, with investors also factoring in future potential from …","Elon Musk's SpaceX is seeking a $1.75 trillion valuation in its forthcoming initial public offering. How far into the stratosphere is that?Going by common Wall Street metrics, the answer is, way out … [+5696 chars]",https://economictimes.indiatimes.com/news/international/global-trends/how-the-math-works-on-a-1-75-trillion-spacex-valuation/articleshow/130108166.cms
BRK-B,2026-04-08T08:54:59Z,Fortune,Diane Brady,Bill Ackman channels Warren Buffett with his $64 billion bid for Universal Music Group,Also: All the news and watercooler chat from Fortune.,Good morning. Is Bill Ackman like Warren Buffett?  The CEO of Pershing Square Capital Management cited a desire to unleash long-term value when making yesterdays $64 billion bid to acquire Universal … [+4338 chars],https://fortune.com/2026/04/08/bill-ackman-channels-warren-buffett-64-billion-bid-universal-music-group/
BRK-B,2026-04-07T22:07:08Z,Daringfireball.net,John Gruber,"★ OpenAI Announces $122 Billion Additional ‘Committed Capital’, and Announces Their ‘Superapp’ Plan for the Future","I don’t see the path from here to there, where *there* is a justification for a trillion-dollar-ish valuation.","OpenAI, one week ago, in an unbylined post on the company blog:


 Today, we closed our latest funding round with $122 billion in
committed capital at a post money valuation of $852 billion.



For … [+7664 chars]",https://daringfireball.net/2026/04/openai_future
BRK-B,2026-04-07T19:25:28Z,Fortune,Jacqueline Munis,Bill Ackman’s $64 billion Universal Music play is part of his strategy to become the next Warren Buffett,"Ackman, a self-described Buffett “devotee,” is following his idol’s playbook to access “permanent capital” by trying to jointly list his hedge fund, Pershing Square Capital, and Universal Music Group.","Billionaire investor Bill Ackmans hedge fund, Pershing Square Capital, is planning to buy Universal Music Group (UMG), the worlds largest music group, which represents artists including Taylor Swift,… [+6131 chars]",https://fortune.com/2026/04/07/bill-ackman-universal-music-play-warren-buffett-strategy/
BRK-B,2026-04-07T08:33:49Z,Shatterbelt.co,Shatterbelt,Iran Is Not Blocking the Strait of Hormuz. It's Running a Toll Booth,"On March 26, Abbas Araghchi announced that ships from five ""friendly nations"" could transit the Strait of Hormuz: China, Russia, India, Iraq, Pakistan. Since then, the list has quietly expanded to include Turkey, Malaysia, Thailand, the Philippines, France (o…","On March 26, Abbas Araghchi announced that ships from five ""friendly nations"" could transit the Strait of Hormuz: China, Russia, India, Iraq, Pakistan. Since then, the list has quietly expanded to in… [+10648 chars]",https://www.shatterbelt.co/articles/iran-hormuz-toll-booth
BRK-B,2026-04-06T21:48:21Z,WWD,Glenn Taylor,Vietnam Freight Costs Spike 30% on Iran War; Trump Says US Should Charge Hormuz Tolls,"""We’re paying closer to $4,500 to $5,200 and our freight forwarder is already saying that it’s likely to climb further,” said Matthew Tran, founder of footwear brand Birchbury.","The war in Iran’s far-reaching consequences could hit soon store shelves for brands that are reliant on goods flowing in from Vietnam.
Birchbury, a Los Angeles-based direct-to-consumer online minima… [+5690 chars]",http://wwd.com/sourcing-journal/logistics/iran-war-strait-of-hormuz-vietnam-shipping-costs-delays-birchbury-donald-trump-tolls-insurance-vessel-traffic-1238890801/
BRK-B,2026-04-06T20:30:28Z,Barchart.com,Jeannine Mancini,"Berkshire Hathaway Suffered Its Longest Losing Streak in Over 7 Years — But Warren Buffett Said, ‘Berkshire Doesn’t Need Me… Everything Will Be the Same’","Berkshire Hathaway snapped its longest losing streak in over 7 years on March 30, 2026, after 8 straight declines, with shares posting a modest rebound. The ...","Berkshire Hathaway (BRK.A) (BRK.B) rarely gives investors a reason to squint at the chart, but late March did just that. The conglomerate snapped its longest losing streak in more than seven years on… [+3874 chars]",https://www.barchart.com/story/news/1164868/berkshire-hathaway-suffered-its-longest-losing-streak-in-over-7-years-but-warren-buffett-said-berkshire-doesnt-need-me-everything-will-be-the-same
BRK-B,2026-04-06T17:51:58Z,CNBC,Ashton Jackson,"No longer CEO, Warren Buffett still goes into the office daily—what to do when a former boss now reports to you, work experts say","Berkshire Hathaway's Warren Buffett still goes into the office daily, highlighting an unusual dynamic: a leader having a second act within their company.","Warren Buffett stepped down as Berkshire Hathaway CEO on December 31, but he still works alongside his colleagues every day.
The 95-year-old, who helmed the Omaha, Nebraska-based holding company for… [+4901 chars]",https://www.cnbc.com/2026/04/06/buffett-abel-berkshire-hathaway-former-boss-now-reports-to-you.html
BRK-B,2026-04-06T15:26:25Z,Fortune,Preston Fore,"Gen Z is rewriting the American Dream, and their parents are funding it—using tuition money for down payments, instead","With tuition costs doubling over the last 30 years, student debt mounting, and Gen Z increasingly struggling to land jobs, some parents now believe a down payment beats a diploma.","The cost of college has never been higher. But for a growing share of young Americans, the return has never felt more uncertain. Faced with rising tuition, stubborn student debt, and a cooling job ma… [+5460 chars]",https://fortune.com/2026/04/06/gen-z-american-dream-parents-saving-for-home-down-payment-instead-of-college-tuition/
BRK-B,2026-04-06T13:54:09Z,Financial Post,Business Wire,Berkshire Hathaway Specialty Insurance Announces Employer Stop Loss Promotions,"BOSTON — Berkshire Hathaway Specialty Insurance (BHSI) today announced that it has named Ford Coacher as Vice President, Taft Hartley; Chris Slezak, as Vice President, Employer Stop Loss Sales, U.S. West; and Bill Bixler as Vice President, Employer Stop Loss …","BOSTON Berkshire Hathaway Specialty Insurance (BHSI) today announced that it has named Ford Coacher as Vice President, Taft Hartley; Chris Slezak, as Vice President, Employer Stop Loss Sales, U.S. We… [+5243 chars]",https://financialpost.com/pmn/business-wire-news-releases-pmn/berkshire-hathaway-specialty-insurance-announces-employer-stop-loss-promotions
BRK-B,2026-04-06T12:30:19Z,Insurance Journal,Admin,US Doubles Hormuz Reinsurance Guarantees to $40 Billion With New Partners,"The US is doubling, to $40 billion, its commitment to provide reinsurance guarantees to ships willing to travel through the Strait of Hormuz with the addition of new insurance partners, including AIG and Berkshire Hathaway. The move announced Friday is …","The US is doubling, to $40 billion, its commitment to provide reinsurance guarantees to ships willing to travel through the Strait of Hormuz with the addition of new insurance partners, including AIG… [+3715 chars]",https://www.insurancejournal.com/news/international/2026/04/06/864586.htm
BRK-B,2026-04-06T12:30:00Z,GlobeNewswire,TowneBank,TowneBank Announces Sale of Resort Property Management Segment,TowneBank Announces Sale of Resort Property Management Segment ...,"SUFFOLK, Va., April 06, 2026 (GLOBE NEWSWIRE) -- TowneBank (Nasdaq: TOWN) today announced it has completed a transaction to sell its Resort Property Management segment, Towne Vacations, to Belcrest V… [+7888 chars]",https://www.globenewswire.com/news-release/2026/04/06/3268420/10357/en/TowneBank-Announces-Sale-of-Resort-Property-Management-Segment.html
BRK-B,2026-04-06T12:27:48Z,Insurance Journal,Andrew G. Simpson,"March Sadness: 20,00 New England Customers Lose Out on $50 Million in Refunds","The University of South Carolina women’s basketball team saved the insurer for a New England furniture company millions of dollars by beating the University of Connecticut team 62-48 last Friday night. At the same time, 20,000 New Englanders missed a …",The University of South Carolina women’s basketball team saved the insurer for a New England furniture company millions of dollars by beating the University of Connecticut team 62-48 last Friday nigh… [+2488 chars],https://www.insurancejournal.com/news/east/2026/04/06/864573.htm
BRK-B,2026-04-06T09:50:01Z,Business Insider,jciolli@businessinsider.com (Joe Ciolli),It's Alphabet vs. Amazon in the finals of our stock bracket. Here's the bull case for each.,You've voted and now the final is here. Which mega-cap tech company be the king of them all?,"It's official: the inaugural First Trade stock bracket championship is set.
In a runaway victory, third-seeded Alphabet (68%) was voted as the stock you'd rather own over the next 10 years, beating … [+3084 chars]",https://www.businessinsider.com/alphabet-amazon-stock-vote-first-trade-newsletter-bracket-championship-2026-4
BRK-B,2026-04-05T10:00:00Z,Fortune,Stuart N. Brotman,The billion-dollar bet that turned insurance into entertainment,Four companies in one of America’s least glamorous industries solved one of its hardest business problems—by stopping talking about their product entirely.,"Here is the paradox at the center of the American insurance industry: the companies that dominate market share today got there not by explaining what they sell, but by refusing to mention it. Warren … [+4586 chars]",https://fortune.com/2026/04/05/billion-dollar-bet-geico-gecko-berkshire-hathaway-advertising/
BRK-B,2026-04-05T10:00:00Z,Yahoo Entertainment,Stuart N. Brotman,The billion-dollar bet that turned insurance into entertainment,Four companies in one of America’s least glamorous industries solved one of its hardest business problems—by stopping talking about their product entirely.,"Here is the paradox at the center of the American insurance industry: the companies that dominate market share today got there not by explaining what they sell, but by refusing to mention it. Warren … [+4638 chars]",https://finance.yahoo.com/sectors/technology/articles/billion-dollar-bet-turned-insurance-100000650.html
BRK-B,2026-04-05T04:04:08Z,Livemint,Swastika Das Sharma,Warren Buffett to stop donating to Gates Foundation after Epstein saga? Billionaire will ‘wait and see what unfolds’,"In his first televised interview since stepping down in January as Berkshire Hathaway's chief executive, Buffett said he was not ready to commit to continuing his annual multibillion-dollar donations to the Gates Foundation.","Billionaire investor Warren Buffett has indicated he may not donate to the Gates Foundation anymore, where he used to donate billions of dollars. This comes after Gates Foundation founder Bill Gates … [+3116 chars]",https://www.livemint.com/companies/people/warren-buffett-to-stop-donating-to-gates-foundation-after-epstein-saga-billionaire-will-wait-and-see-what-unfolds-11775357259832.html
BRK-B,2026-04-04T21:35:00Z,Yahoo Entertainment,,Brookfield Corporation Has Become the Next Berkshire Hathaway,,"If you click 'Accept all', we and our partners, including 251 who are part of the IAB Transparency &amp; Consent Framework, will also store and / or access information on a device (in other words, us… [+1046 chars]",https://consent.yahoo.com/v2/collectConsent?sessionId=1_cc-session_32cef63b-39dd-45f2-a468-b35f2dca819c
BRK-B,2026-04-04T16:31:54Z,BusinessLine,Kumar Shankar Roy & Dhuraivel Gunasekaran,"OFS switch erodes ₹95,000 cr of investor wealth","OFS IPOs have eroded ₹95,000 crore of investor wealth, with over 60% now trading below their listing-day prices.","By shamelessly merchandising birdless bushes, promoters have in recent years moved billions of dollars from the pockets of the public to their own purses... Warren Buffett wrote those lines in his an… [+3996 chars]",https://www.thehindubusinessline.com/portfolio/ofs-switch-erodes-95000-cr-of-investor-wealth/article70824361.ece
BRK-B,2026-04-04T15:36:05Z,Fortune,"Dave Collins, The Associated Press",Connecticut furniture standby Jordan’s Furniture offers $50 million of refunds to the whole state depending on March Madness,"Some 20,000 customers could be fully repaid if two teams win their Final Four games on Friday and Saturday.",College basketball players arent the only ones poised to win big in this years March Madness.A New England furniture chain is offering to reimburse customers for products purchased earlier this year … [+2563 chars],https://fortune.com/2026/04/04/connecticut-jordans-furniture-uconn-march-madness/
BRK-B,2026-04-04T13:08:53Z,CNBC,Alex Crippen,Buffett may end donations to Gates charity over Bill's ties to Epstein,Revelations about Jeffrey Epstein's ties to Bill Gates have strained his friendship with Warren Buffett and the Omaha billionaire's annual multi-billion-dollar donations to the Gates Foundation.,"BECKY QUICK: Warren, welcome. It is wonderful to see you this morning.
WARREN BUFFETT: It is fun to be on.
QUICK: You are on for an interesting reason.
For 22 years, you had been holding an annual… [+57260 chars]",https://www.cnbc.com/2026/04/04/buffett-may-end-donations-to-gates-charity-over-bills-ties-to-epstein.html
BRK-B,2026-04-04T09:15:07Z,The Daily Hodl,Mehron Rokhy,"Warren Buffett Says Berkshire Hathaway Sold Apple Stock ‘Too Soon’, Signals When Firm Would Buy Again","Legendary investor Warren Buffet says that Berkshire Hathaway abandoned one prime tech stock too early after seeing massive gains, detailing plans on when the firm plans on purchasing the asset again. In a new interview with CNBC Television, the billionaire s…","Legendary investor Warren Buffet says that Berkshire Hathaway abandoned one prime tech stock too early after seeing massive gains, detailing plans on when the firm plans on purchasing the asset again… [+2053 chars]",https://dailyhodl.com/2026/04/04/warren-buffett-says-berkshire-hathaway-sold-apple-stock-too-soon-signals-when-firm-would-buy-again/
BRK-B,2026-04-04T08:06:47Z,gcaptain.com,Mike Schuler,U.S. Doubles Hormuz Insurance Backstop to $40B in Hopes of Luring Ships Back,"The Trump administration has doubled its maritime insurance backstop to $40 billion, expanding a flagship effort to restart commercial shipping through the Strait of Hormuz—even as shipowners continue to largely stay away.","The Trump administration has doubled its maritime insurance backstop to $40 billion, expanding a flagship effort to restart commercial shipping through the Strait of Hormuzeven as shipowners continue… [+3010 chars]",https://gcaptain.com/u-s-doubles-hormuz-insurance-backstop-to-40b-in-hopes-of-luring-ships-back/
BRK-B,2026-04-03T19:16:07Z,Yahoo Entertainment,Devon Henderson,Furniture store to refund millions if UConn teams reach title games: ‘We’re hoping that it’ll happen’,"More than 40 years ago, when Eliot Tatelman was delivering furniture in the lone truck for his father’s single store in Waltham, Massachusetts, he never expected the venture would lead to him sitting next to David Ortiz and Manny Ramirez on a Boston Red Sox c…","More than 40 years ago, when Eliot Tatelman was delivering furniture in the lone truck for his fathers single store in Waltham, Massachusetts, he never expected the venture would lead to him sitting … [+6667 chars]",https://sports.yahoo.com/articles/furniture-store-refund-millions-uconn-191607776.html
BRK-B,2026-04-03T18:49:20Z,Observer,"Alexandra Tremayne-Pengelly, Alexandra Tremayne-Pengelly",Warren Buffett Still Clocking In 5 Days a Week as Berkshire Enters Greg Abel Era,"In his first interview since retiring as CEO of Berkshire Hathaway, Warren Buffett discussed his new office routine and how his voice still carries across Berkshire’s biggest decisions.","Warren Buffett may no longer run Berkshire day to day, but his influence remains unmistakable. Photo by Daniel Zuchnik/WireImage
Despite stepping down as Berkshire Hathaways CEO a few months ago, Wa… [+2602 chars]",https://observer.com/2026/04/warren-buffett-praises-berkshire-greg-abel/
BRK-B,2026-04-03T17:15:00Z,Memeorandum.com,,US Doubles Hormuz Guarantees to $40 Billion With New Partners (Joe Deaux/Bloomberg),"Joe Deaux / Bloomberg:
US Doubles Hormuz Guarantees to $40 Billion With New Partners  —  The US is doubling, to $40 billion, its commitment to provide reinsurance guarantees to ships willing to travel through the Strait of Hormuz with the addition of new insu…","memeorandum is an auto-generated summary of the stories that US political commentators are discussing online right now.
Unlike sister sites Techmeme and Mediagazer, it is not a human-edited news out… [+72 chars]",https://www.memeorandum.com/260403/p70
BRK-B,2026-04-03T15:29:59Z,Financial Post,Bloomberg News,US Doubles Hormuz Guarantees to $40 Billion With New Partners,"The US is doubling, to $40 billion, its commitment to provide reinsurance guarantees to ships willing to travel through the Strait of Hormuz with the addition of new insurance partners, including AIG and Berkshire Hathaway.","(Bloomberg) The US is doubling, to $40 billion, its commitment to provide reinsurance guarantees to ships willing to travel through the Strait of Hormuz with the addition of new insurance partners, i… [+5661 chars]",https://financialpost.com/pmn/business-pmn/us-doubles-hormuz-guarantees-to-40-billion-with-new-partners
BRK-B,2026-04-03T13:44:11Z,Observer,"Rachel Curry, Rachel Curry",Warren Buffett Teams Up With Stephen Curry to Revive Charity Lunch Tradition,"Warren Buffett and the Currys will co-host a charity lunch in June in Omaha, with auction proceeds benefiting nonprofits GLIDE and Eat. Learn. Play.","Warren Buffett steps out of retirement to relaunch his iconic charity event with fresh purpose. Johannes EISELE / AFP via Getty Images
Warren Buffett, who turns 96 this summer, is bringing back his … [+3463 chars]",https://observer.com/2026/04/warren-buffett-revives-charity-lunch-stephen-curry/
BRK-B,2026-04-02T20:43:36Z,Associated Press,Dave Collins,Customers on brink of getting free furniture if both UConn teams make title games,"Some college basketball fans are hoping for more than national titles at the NCAA Final Four. Some 20,000 customers who bought $50 million worth of furniture from Jordan's Furniture in New England earlier this year could get full refunds — if both the UConn m…","College basketball players arent the only ones poised to win big in this years March Madness. 
A New England furniture chain is offering to reimburse customers for products purchased earlier this ye… [+2567 chars]",https://apnews.com/article/uconn-free-furniture-jordans-57d67f4f2a567cf8724516bd4f063950
BRK-B,2026-04-02T20:02:53Z,Yahoo Entertainment,DAVE COLLINS,A New England furniture store will refund customers if both UConn teams make the NCAA title games,College basketball players aren't the only ones poised to win big in this year's March Madness. A New England furniture chain is offering to reimburse customers for products purchased earlier this year if both the UConn men’s and women’s basketball teams reac…,"College basketball players aren't the only ones poised to win big in this year's March Madness.
A New England furniture chain is offering to reimburse customers for products purchased earlier this y… [+2583 chars]",https://sports.yahoo.com/articles/england-furniture-store-refund-customers-200253973.html
BRK-B,2026-04-02T12:03:40Z,Github.com,tamnd,"Show HN: A daily archive of the top stories on Hacker News, organized by date","Article URL: https://github.com/tamnd/hn-daily-index
Comments URL: https://news.ycombinator.com/item?id=47613289
Points: 1
# Comments: 0","A daily archive of the top 10 stories on Hacker News, organized by date.
Thanks to Hacker News by Y Combinator for the API, and to Colin Percival's Hacker News Daily for the historical archive going… [+109504 chars]",https://github.com/tamnd/hn-daily-index
BRK-B,2026-04-02T05:18:15Z,Financial Post,Bloomberg News,Berkshire Hires Banks for Yen Bond Offering in Volatile Market,"Berkshire Hathaway Inc. has hired banks for its first yen bond sale since November, triggering speculation about its investment plans in Japan.","(Bloomberg) Berkshire Hathaway Inc. has hired banks for its first yen bond sale since November, triggering speculation about its investment plans in Japan.
THIS CONTENT IS RESERVED FOR SUBSCRIBERS O… [+3582 chars]",https://financialpost.com/pmn/business-pmn/berkshire-hires-banks-for-yen-bond-offering-in-volatile-market
BRK-B,2026-04-01T17:53:44Z,Fortune,Jacqueline Munis,Warren Buffett revives his legendary charity lunch auction—this time with Stephen Curry. His last one raised $19 million,"The proceeds will go to two Bay Area foundations, the social justice nonprofit GLIDE and the Currys’ Eat. Learn. Play.","After a four-year hiatus, Warren Buffett will once again host his annual charity lunch auction, and this time, hes got some high-profile names to help him co-host. Stephen Curry, four-time NBA champi… [+4044 chars]",https://fortune.com/2026/04/01/warren-buffett-steph-curry-auction-charity-lunch-2026/
BRK-B,2026-04-01T17:49:18Z,Cointelegraph,Cointelegraph by Yashu Gola,Warren Buffett bought $17B in US T-bills: A bad omen for Bitcoin price?,"Buffett called the recent stock dip “nothing” versus past 50% crashes, raising fresh questions about downside risks for Bitcoin and stocks in 2026.","Warren Buffett, the legendary investor and chairman of Berkshire Hathaway, revealed on CNBC this week that his firm purchased approximately $17 billion in US Treasury bills at the latest auction. Is … [+3235 chars]",https://cointelegraph.com/markets/warren-buffett-bought-17b-in-us-t-bills-a-bad-omen-for-bitcoin-price
BRK-B,2026-04-01T15:51:30Z,Financial Post,Business Wire,Benjamin Moore Celebrates Contractor Appreciation Month as Program Marks Five-Year Milestone,"Fifth-Annual Month-Long Recognition of North American Painting Professionals Features First-Ever Dual Truck Giveaway and Seven-Market North American Tour MONTVALE, N.J. — Benjamin Moore, a trusted name in premium paint, colour innovation and coatings for more…","THIS CONTENT IS RESERVED FOR SUBSCRIBERS ONLY
Subscribe now to read the latest news in your city and across Canada.
<ul><li>Exclusive articles from Barbara Shecter, Joe O'Connor, Gabriel Friedman, … [+8054 chars]",https://financialpost.com/pmn/business-wire-news-releases-pmn/benjamin-moore-celebrates-contractor-appreciation-month-as-program-marks-five-year-milestone
BRK-B,2026-04-01T15:10:10Z,Yahoo Entertainment,,"5 Companies Berkshire Hathaway Could Buy After a Market Correction, Ranked by Likelihood",,"If you click 'Accept all', we and our partners, including 251 who are part of the IAB Transparency &amp; Consent Framework, will also store and / or access information on a device (in other words, us… [+1046 chars]",https://consent.yahoo.com/v2/collectConsent?sessionId=1_cc-session_0f89de56-b82f-4c8c-a6ff-5b47f548e469
