article_id,ticker,published_at,source_name,author,title,description,content,url,date,publishedAt,sentiment_score,sentiment_label,Date,Open,High,Low,Close,Volume,Return_1D,MA_5,MA_21,MA_126,MA_252,Volatility_21
0,AAPL,2026-03-31 19:34:20+00:00,MacRumors,Juli Clover,OpenAI Brings ChatGPT to CarPlay for Hands-Free Voice Conversations,"OpenAI has updated ChatGPT with support for CarPlay, which means ‌CarPlay‌ users can now ask ChatGPT questions and make requests directly from their vehicle dashboard.





Apple began allowing third-party voice-based conversational apps to interface with ‌Ca…","OpenAI has updated ChatGPT with support for CarPlay, which means ‌CarPlay‌ users can now ask ChatGPT questions and make requests directly from their vehicle dashboard.
Apple began allowing third-par… [+1124 chars]",https://www.macrumors.com/2026/03/31/openai-chatgpt-carplay/,2026-03-31,2026-03-31 19:34:20+00:00,0.4019,positive,2026-03-31 00:00:00-04:00,247.91000366210935,255.47999572753903,247.1000061035156,253.7899932861328,49598100,0.0290312949015365,250.9459991455078,254.43904695056733,264.1369378226144,238.68095506940568,0.0121841254532499
1,AAPL,2026-03-31 19:35:36+00:00,TechCrunch,Amanda Silberling,Meta was finally held accountable for harming teens. Now what? | TechCrunch,"Meta faces thousands more court cases while Congress has proposed numerous bills addressing children’s online safety, some heavily criticized.","Meta lost a lawsuit against the state of New Mexico last week, marking the first time that the company has been held liable by the court system for endangering child safety. This was a landmark decis… [+6869 chars]",https://techcrunch.com/2026/03/31/meta-was-finally-held-accountable-for-harming-teens-now-what/,2026-03-31,2026-03-31 19:35:36+00:00,-0.0258,neutral,2026-03-31 00:00:00-04:00,247.91000366210935,255.47999572753903,247.1000061035156,253.7899932861328,49598100,0.0290312949015365,250.9459991455078,254.43904695056733,264.1369378226144,238.68095506940568,0.0121841254532499
2,AAPL,2026-03-31 19:40:00+00:00,Empire of The Kop,Empire of the Kop,Liverpool given green-light to complete £56.7m transfer ahead of the summer window,"Castello Lukeba will be available on the market in the upcoming summer transfer window.RB Leipzig are said to be prepared to sell the centre-back for a fee below his €80m [£69.8m] release clause, r...","Castello Lukeba will be available on the market in the upcoming summer transfer window.
RB Leipzig are said to be prepared to sell the centre-back for a fee below his 80m [£69.8m] release clause, re… [+2268 chars]",https://www.empireofthekop.com/2026/03/31/liverpool-given-green-light-to-complete-56-7m-transfer-ahead-of-the-summer-window/,2026-03-31,2026-03-31 19:40:00+00:00,0.2263,positive,2026-03-31 00:00:00-04:00,247.91000366210935,255.47999572753903,247.1000061035156,253.7899932861328,49598100,0.0290312949015365,250.9459991455078,254.43904695056733,264.1369378226144,238.68095506940568,0.0121841254532499
3,AAPL,2026-03-31 19:45:22+00:00,ABC News (AU),Audrey Courty,Live: Iranian president says Tehran willing to end war but needs guarantees,"Iran has the ""necessary will"" to end the war with the United States and Israel, Iranian President Masoud Pezeshkian says, stressing that Tehran is seeking guarantees the conflict will not flare up again.","As noted earlier, Iranian President Masoud Pezeshkian has said the country has the ""necessary will"" to end the war with the United States and Israel.
But he stressed that Tehran was seeking guarante… [+652 chars]",https://www.abc.net.au/news/2026-04-01/iran-war-live-updates-us-israel-australia-petrol-oil/106518848,2026-03-31,2026-03-31 19:45:22+00:00,-0.5647,negative,2026-03-31 00:00:00-04:00,247.91000366210935,255.47999572753903,247.1000061035156,253.7899932861328,49598100,0.0290312949015365,250.9459991455078,254.43904695056733,264.1369378226144,238.68095506940568,0.0121841254532499
4,AAPL,2026-03-31 19:45:48+00:00,ZDNet,Kayla Solino,The Apple Pencil alternative I use daily is on sale for $28 - but not for long,"ESR's Geo Digital Pencil is on sale for under $30, but today's the last day to shop Amazon's Big Spring Sale.","Kayla Solino/ZDNET
Follow ZDNET: Add us as a preferred source on Google.
If you've got an iPad, chances are you've considered getting an Apple Pencil or a similar stylus. While they all do the same… [+3723 chars]",https://www.zdnet.com/article/esr-geo-pencil-apple-pencil-amazon-spring-sale-deal/,2026-03-31,2026-03-31 19:45:48+00:00,0.2023,positive,2026-03-31 00:00:00-04:00,247.91000366210935,255.47999572753903,247.1000061035156,253.7899932861328,49598100,0.0290312949015365,250.9459991455078,254.43904695056733,264.1369378226144,238.68095506940568,0.0121841254532499
5,AAPL,2026-03-31 19:48:25+00:00,pymnts.com,PYMNTS,Apple Cracks Down on Vibe Coding Services in App Store,"Apple is reportedly stepping up efforts to crack down on vibe coding services. As The Information reported Monday (March 30), the tech giant recently removed one such app from its App Store for breaching its rules. Vibe coding apps, as the report notes, emplo…","As The Information reported Monday (March 30), the tech giant recently removed one such app from its App Store for breaching its rules.
Vibe coding apps, as the report notes, employ artificial intel… [+2109 chars]",https://www.pymnts.com/apple/2026/apple-cracks-down-on-vibe-coding-services-in-app-store/,2026-03-31,2026-03-31 19:48:25+00:00,0.0,neutral,2026-03-31 00:00:00-04:00,247.91000366210935,255.47999572753903,247.1000061035156,253.7899932861328,49598100,0.0290312949015365,250.9459991455078,254.43904695056733,264.1369378226144,238.68095506940568,0.0121841254532499
6,AAPL,2026-03-31 19:52:32+00:00,Gottabemobile.com,GBM Staff,AI in Everyday Apps You Already Use (And Didn’t Realize It),"Artificial intelligence is often associated with advanced technology, but it is already built into many of the apps people use every day. From streaming services and navigation apps to online shopping and social media, AI works behind the scenes to improve us…","Artificial intelligence is often associated with advanced technology, but it is already built into many of the apps people use every day. From streaming services and navigation apps to online shoppin… [+3298 chars]",https://www.gottabemobile.com/ai-in-everyday-apps/,2026-03-31,2026-03-31 19:52:32+00:00,0.3716,positive,2026-03-31 00:00:00-04:00,247.91000366210935,255.47999572753903,247.1000061035156,253.7899932861328,49598100,0.0290312949015365,250.9459991455078,254.43904695056733,264.1369378226144,238.68095506940568,0.0121841254532499
7,AAPL,2026-03-31 19:52:59+00:00,ABC News (AU),Matthew Doran,Iran sets 24-hour deadline on missile threat. Here's what you should know this morning,"US companies including Microsoft, Google and Apple could be targeted, while Donald Trump urges the world to buy American fuel.","Hello. Here's your daily round-up of the latest headlines from the Middle East, as the war engulfing the region reaches the end of day 32.
Analysis: Fuel needn't run out for Australia's economy to b… [+4213 chars]",https://www.abc.net.au/news/2026-04-01/iran-israel-war-daily-news-briefing/106502926,2026-03-31,2026-03-31 19:52:59+00:00,-0.5719,negative,2026-03-31 00:00:00-04:00,247.91000366210935,255.47999572753903,247.1000061035156,253.7899932861328,49598100,0.0290312949015365,250.9459991455078,254.43904695056733,264.1369378226144,238.68095506940568,0.0121841254532499
8,AAPL,2026-03-31 19:54:17+00:00,Eonline.com,Joelle Goldstein,Gwyneth Paltrow's Daughter Apple Martin Makes Directorial Debut,"The apple doesn’t fall far from the tree—just ask Apple Martin.
Indeed, the eldest daughter of Gwyneth Paltrow and Chris Martin proved the longtime saying true as she made her directorial debut on...","The apple doesnt fall far from the treejust ask Apple Martin.
Indeed, the eldest daughter of Gwyneth PaltrowandChris Martinproved the longtime saying true as she made her directorial debut on a musi… [+774 chars]",https://www.eonline.com/news/1430384/apple-martin-makes-directorial-debut-at-college,2026-03-31,2026-03-31 19:54:17+00:00,0.4215,positive,2026-03-31 00:00:00-04:00,247.91000366210935,255.47999572753903,247.1000061035156,253.7899932861328,49598100,0.0290312949015365,250.9459991455078,254.43904695056733,264.1369378226144,238.68095506940568,0.0121841254532499
9,AAPL,2026-03-31 20:00:15+00:00,9to5Mac,Marcus Mendes,App Store Connect adds 11 new languages for localized app metadata,"Apple has expanded App Store Connect’s localization support, allowing developers to localize their app metadata in a total of 50 languages. Here are the details.



 more…","Apple has expanded App Store Connects localization support, allowing developers to localize their app metadata in a total of 50 languages. Here are the details.
Apple announced today that App Store … [+1395 chars]",https://9to5mac.com/2026/03/31/app-store-connect-adds-11-new-languages-for-localized-app-metadata/,2026-03-31,2026-03-31 20:00:15+00:00,0.4019,positive,2026-03-31 00:00:00-04:00,247.91000366210935,255.47999572753903,247.1000061035156,253.7899932861328,49598100,0.0290312949015365,250.9459991455078,254.43904695056733,264.1369378226144,238.68095506940568,0.0121841254532499
10,AAPL,2026-03-31 20:01:08+00:00,9to5Mac,Chance Miller,Save over 30% on David Pogue’s new ‘Apple: The First 50 years’ book,"Update March 31, 2026: Ahead of Apple’s 50th anniversary tomorrow, David Pogue’s new book is on sale on Amazon for $34.09 (Reg. $50). This is a great way to save on one of the best modern Apple books there is. 



Original post below. 







Apple celebrates…","Update March 31, 2026: Ahead of Apple’s 50th anniversary tomorrow, David Pogue’s new book is on sale on Amazon for $34.09 (Reg. $50). This is a great way to save on one of the best modern Apple books… [+2444 chars]",https://9to5mac.com/2026/03/31/david-pogue-releases-new-apple-the-first-50-years-book/,2026-03-31,2026-03-31 20:01:08+00:00,0.9217,positive,2026-03-31 00:00:00-04:00,247.91000366210935,255.47999572753903,247.1000061035156,253.7899932861328,49598100,0.0290312949015365,250.9459991455078,254.43904695056733,264.1369378226144,238.68095506940568,0.0121841254532499
11,AAPL,2026-03-31 20:04:28+00:00,Mediaite,Zachary Leeman,DHS Slams ‘Failed Comedian’ Jimmy Kimmel Over Joke About Secretary Mullin’s Plumbing Credentials,"The Department of Homeland Security took a hit at comedian Jimmy Kimmel over a joke aimed at DHS Secretary Markwayne Mullin's plumbing past.
The post DHS Slams ‘Failed Comedian’ Jimmy Kimmel Over Joke About Secretary Mullin’s Plumbing Credentials first appear…","Screenshot via ABC.
The Department of Homeland Security took a jab at comedian Jimmy Kimmel over a joke aimed at DHS Secretary Markwayne Mullin’s plumbing past.
“Secretary Mullin represents the bes… [+2406 chars]",https://www.mediaite.com/politics/dhs-slams-failed-comedian-jimmy-kimmel-over-joke-about-secretary-mullins-plumbing-credentials/,2026-03-31,2026-03-31 20:04:28+00:00,0.7351,positive,2026-03-31 00:00:00-04:00,247.91000366210935,255.47999572753903,247.1000061035156,253.7899932861328,49598100,0.0290312949015365,250.9459991455078,254.43904695056733,264.1369378226144,238.68095506940568,0.0121841254532499
12,AAPL,2026-03-31 20:05:06+00:00,BleepingComputer,blompkuz,duckduckgo in settings storage shows using 20gigs,"duckduckgo in settings storage shows using 20gigs - posted in Apple iOS: there are not 20gigs of files in downloads.  there are 1 gigs in downloads.
 
what is using 19gigs and how do I collect it back?  without uninstalling and upgrading to a new version?
 
t…","there are not 20gigs of files in downloads.  there are 1 gigs in downloads.
what is using 19gigs and how do I collect it back?  without uninstalling and ""upgrading"" to a new version?
this is iphone… [+9 chars]",https://www.bleepingcomputer.com/forums/t/815201/duckduckgo-in-settings-storage-shows-using-20gigs/,2026-03-31,2026-03-31 20:05:06+00:00,0.0,neutral,2026-03-31 00:00:00-04:00,247.91000366210935,255.47999572753903,247.1000061035156,253.7899932861328,49598100,0.0290312949015365,250.9459991455078,254.43904695056733,264.1369378226144,238.68095506940568,0.0121841254532499
13,AAPL,2026-03-31 20:05:23+00:00,Gizmodo.com,Raymond Wong,The Best Gadgets of March 2026,"It was a very packed month for new Apple products, but we also got some notable new gadgets from Sonos, Nintendo, Asus ROG, and even Ikea.","March madness is over. No, not college basketball. I’m, of course, talking about Apple’s own March bonanza headlined by the $600 MacBook Neo. The low-cost and colorful laptop easily stole the spotlig… [+9044 chars]",https://gizmodo.com/best-gadgets-march-2026-2000740331,2026-03-31,2026-03-31 20:05:23+00:00,-0.128,negative,2026-03-31 00:00:00-04:00,247.91000366210935,255.47999572753903,247.1000061035156,253.7899932861328,49598100,0.0290312949015365,250.9459991455078,254.43904695056733,264.1369378226144,238.68095506940568,0.0121841254532499
14,AAPL,2026-03-31 20:07:55+00:00,Macworld,Roman Loyola,"Apple employee 50th schwag includes T-shirt, pin, poster, and Paul McCartney","Macworld







Apple’s 50th anniversary is officially on Wednesday, and the company has been holding several events to commemorate the occasion. This week, however, Apple also gave out special anniversary schwag to its employees, according to several posts …","Skip to contentType your search and hit enter
When you purchase through links in our articles, we may earn a small commission. This doesn't affect our editorial independence
.
Apple’s 50th anniver… [+1694 chars]",https://www.macworld.com/article/3103671/apple-employee-50th-schwag-includes-t-shirt-pin-poster-and-paul-mccartney.html,2026-03-31,2026-03-31 20:07:55+00:00,0.0,neutral,2026-03-31 00:00:00-04:00,247.91000366210935,255.47999572753903,247.1000061035156,253.7899932861328,49598100,0.0290312949015365,250.9459991455078,254.43904695056733,264.1369378226144,238.68095506940568,0.0121841254532499
15,AAPL,2026-03-31 20:08:00+00:00,9to5Toys,Justin Kahn,David Pogue’s new ‘Apple: The First 50 Years’ hardcover book now 32% off at Amazon,"As part of the final day of the Amazon Big Spring Sale, it is now offering David Pogue’s Apple: The First 50 Years Hardcover book down at $34.09 shipped. This has been a popular read among readers and staffers over at 9to5Mac, and now Amazon is offering it wi…","As part of the final day of the Amazon Big Spring Sale, it is now offering David Pogues Apple: The First 50 Years Hardcover book down at $34.09 shipped. This has been a popular read among readers and… [+1358 chars]",http://9to5toys.com/2026/03/31/david-pogue-new-apple-first-50-years-hardcover-book-deal/,2026-03-31,2026-03-31 20:08:00+00:00,0.5423,positive,2026-03-31 00:00:00-04:00,247.91000366210935,255.47999572753903,247.1000061035156,253.7899932861328,49598100,0.0290312949015365,250.9459991455078,254.43904695056733,264.1369378226144,238.68095506940568,0.0121841254532499
16,AAPL,2026-03-31 20:15:51+00:00,MacRumors,Joe Rossignol,Apple Turns 50 Today: Reflecting on Each Decade's Biggest Moments,"Apple was founded on April 1, 1976, meaning the company is officially 50 years old as of today. To honor the occasion, we have reflected on some of Apple's biggest moments of each decade, from the 1970s through to the 2020s.





Apple has an extensive histor…","Apple was founded on April 1, 1976, meaning the company is officially 50 years old as of today. To honor the occasion, we have reflected on some of Apple's biggest moments of each decade, from the 19… [+4440 chars]",https://www.macrumors.com/2026/04/01/apple-turns-50-today/,2026-03-31,2026-03-31 20:15:51+00:00,0.4939,positive,2026-03-31 00:00:00-04:00,247.91000366210935,255.47999572753903,247.1000061035156,253.7899932861328,49598100,0.0290312949015365,250.9459991455078,254.43904695056733,264.1369378226144,238.68095506940568,0.0121841254532499
17,AAPL,2026-03-31 20:17:03+00:00,Smashingapps.com,An Jay,Best USB Hub for MacBook in 2026 — 7 Picks for Every Budget,"This guide covers 7 Best USB Hubs for MacBook in 2026 across four price tiers, with honest notes on what each does and does not do well.","Click here to buy secure, speedy, and reliable Web hosting, Cloud hosting, Agency hosting, VPS hosting, Website builder, Business email, Reach email marketing at 20% discount from our Gold Partner Ho… [+10340 chars]",https://www.smashingapps.com/best-usb-hubs-for-macbook-in-2026/,2026-03-31,2026-03-31 20:17:03+00:00,0.3612,positive,2026-03-31 00:00:00-04:00,247.91000366210935,255.47999572753903,247.1000061035156,253.7899932861328,49598100,0.0290312949015365,250.9459991455078,254.43904695056733,264.1369378226144,238.68095506940568,0.0121841254532499
18,AAPL,2026-03-31 20:21:33+00:00,9to5Mac,Seth Kurkowski,"9to5Mac Daily: March 31, 2026 – iOS 26.5 beta 1 changes, more","Listen to a recap of the top stories of the day from 9to5Mac. 9to5Mac Daily is available on iTunes and Apple’s Podcasts app, Stitcher, TuneIn, Google Play, or through our dedicated RSS feed for Overcast and other podcast players.



Sponsored by Backblaze: Ba…","Listen to a recap of the top stories of the day from 9to5Mac. 9to5Mac Daily is available on iTunes and Apples Podcasts app, Stitcher, TuneIn, Google Play, or through our dedicated RSS feed for Overca… [+780 chars]",https://9to5mac.com/2026/03/31/daily-march-31-2026/,2026-03-31,2026-03-31 20:21:33+00:00,0.7351,positive,2026-03-31 00:00:00-04:00,247.91000366210935,255.47999572753903,247.1000061035156,253.7899932861328,49598100,0.0290312949015365,250.9459991455078,254.43904695056733,264.1369378226144,238.68095506940568,0.0121841254532499
19,AAPL,2026-03-31 20:30:00+00:00,Techdirt,Leigh Beadon,Techdirt Podcast Episode 448: Transaction Denied,"Support us on Patreon » In the conversation about online speech, most of the attention tends to fall on the big social media platforms, while other intermediaries get overlooked — especially payment processors and other financial intermediaries. But that very…","from the oft-overlooked dept
In the conversation about online speech, most of the attention tends to fall on the big social media platforms, while other intermediaries get overlooked especially paym… [+680 chars]",https://www.techdirt.com/2026/03/31/techdirt-podcast-episode-448-transaction-denied/,2026-03-31,2026-03-31 20:30:00+00:00,-0.0258,neutral,2026-03-31 00:00:00-04:00,247.91000366210935,255.47999572753903,247.1000061035156,253.7899932861328,49598100,0.0290312949015365,250.9459991455078,254.43904695056733,264.1369378226144,238.68095506940568,0.0121841254532499
20,AAPL,2026-03-31 20:30:07+00:00,Bringatrailer.com,bringatrailer,2020 Volkswagen Golf GTI S 6-Speed,This 2020 Volkswagen Golf GTI S is finished in Pure White over Clark Plaid cloth and is powered by a turbocharged 2.0-liter inline-four that drives the front wheels through a six-speed manual transaxle and a VAQ+ limited-slip differential. Equipment includes …,This 2020 Volkswagen Golf GTI S is finished in Pure White over Clark Plaid cloth and is powered by a turbocharged 2.0-liter inline-four that drives the front wheels through a six-speed manual transax… [+2085 chars],https://bringatrailer.com/listing/2020-volkswagen-golf-gti-4/,2026-03-31,2026-03-31 20:30:07+00:00,0.0,neutral,2026-03-31 00:00:00-04:00,247.91000366210935,255.47999572753903,247.1000061035156,253.7899932861328,49598100,0.0290312949015365,250.9459991455078,254.43904695056733,264.1369378226144,238.68095506940568,0.0121841254532499
21,AAPL,2026-03-31 20:30:19+00:00,PhoneArena,Johanna Romero,Google injects three vital features into Fitbit's AI health coach,"Plus, the coach is now open to users who don't pay for Premium.","All of these were missing when the coach first launched in Public Preview back in October 2025. Google was upfront about the gaps back then, so it's nice to see them actually following through.Google… [+1309 chars]",https://www.phonearena.com/news/google-injects-three-vital-features-into-fitbits-ai-health-coach_id179332,2026-03-31,2026-03-31 20:30:19+00:00,0.3353,positive,2026-03-31 00:00:00-04:00,247.91000366210935,255.47999572753903,247.1000061035156,253.7899932861328,49598100,0.0290312949015365,250.9459991455078,254.43904695056733,264.1369378226144,238.68095506940568,0.0121841254532499
22,AAPL,2026-03-31 20:33:10+00:00,Vulture,Brian Tallerico,6 New Movies You Can Finally Watch at Home Right Now,"March’s best flicks to land on PVOD included one of the funniest movies you’ll see all year, a smash-hit Canadian comedy, and an Oscar winner. ‘Avatar: Fire and Ash’ is out today.","It was a little quiet out there on the video-on-demand front in March, as the few remaining films from 2025 still unavailable at home filtered onto services like Prime Video, Apple TV, and Fandango a… [+3614 chars]",http://www.vulture.com/article/best-new-movies-to-rent-on-demand-march-2026-releases.html,2026-03-31,2026-03-31 20:33:10+00:00,0.3612,positive,2026-03-31 00:00:00-04:00,247.91000366210935,255.47999572753903,247.1000061035156,253.7899932861328,49598100,0.0290312949015365,250.9459991455078,254.43904695056733,264.1369378226144,238.68095506940568,0.0121841254532499
23,AAPL,2026-03-31 20:34:58+00:00,Schneier.com,Bruce Schneier,Possible US Government iPhone Hacking Tool Leaked,"Wired writes (alternate source):
Security researchers at Google on Tuesday released a report describing what they’re calling “Coruna,” a highly sophisticated iPhone hacking toolkit that includes five complete hacking techniques capable of bypassing all the de…","Wired writes (alternate source):
Security researchers at Google on Tuesday released a report describing what they’re calling “Coruna,” a highly sophisticated iPhone hacking toolkit that includes fiv… [+1799 chars]",https://www.schneier.com/blog/archives/2026/04/possible-us-government-iphone-hacking-tool-leaked.html,2026-03-31,2026-03-31 20:34:58+00:00,0.7425,positive,2026-03-31 00:00:00-04:00,247.91000366210935,255.47999572753903,247.1000061035156,253.7899932861328,49598100,0.0290312949015365,250.9459991455078,254.43904695056733,264.1369378226144,238.68095506940568,0.0121841254532499
24,AAPL,2026-03-31 20:38:25+00:00,9to5Mac,Ryan Christoffel,iOS 26.4 has convenient change for iPhone personal hotspot users,"iOS 26.4 launched last week, packing a wide array of new features, including a change for personal hotspot that makes it easy to see who’s using your data.



 more…","iOS 26.4 launched last week, packing a wide array of new features, including a change for personal hotspot that makes it easy to see whos using your data.
Until I went all-in on cellular iPads in th… [+1482 chars]",https://9to5mac.com/2026/03/31/ios-26-4-makes-it-easy-to-see-whos-using-your-personal-hotspot/,2026-03-31,2026-03-31 20:38:25+00:00,0.5267,positive,2026-03-31 00:00:00-04:00,247.91000366210935,255.47999572753903,247.1000061035156,253.7899932861328,49598100,0.0290312949015365,250.9459991455078,254.43904695056733,264.1369378226144,238.68095506940568,0.0121841254532499
25,AAPL,2026-03-31 20:45:04+00:00,TweakTown,Hassam Nasir,Apple's coding language Swift can now be used to develop Android apps,"The latest Swift update, version 6.3, allows developers to integrate Swift code into projects built with Kotlin and Java, or just make new native apps.Continue reading at TweakTown","There has existed a clear divide between Android and Apple over the past decade or so. Green bubbles vs. Blue bubbles, Safari vs. Chrome, and so many more differences have kept the two platforms sepa… [+1700 chars]",https://www.tweaktown.com/news/110771/apples-coding-language-swift-can-now-be-used-to-develop-android-apps/index.html,2026-03-31,2026-03-31 20:45:04+00:00,0.3818,positive,2026-03-31 00:00:00-04:00,247.91000366210935,255.47999572753903,247.1000061035156,253.7899932861328,49598100,0.0290312949015365,250.9459991455078,254.43904695056733,264.1369378226144,238.68095506940568,0.0121841254532499
26,AAPL,2026-03-31 20:47:19+00:00,Pypi.org,,superdoc-sdk-cli-darwin-arm64 1.3.0.dev51,SuperDoc CLI binary for macOS ARM64 (Apple Silicon),"A required part of this site couldnt load. This may be due to a browser
 extension, network issues, or browser settings. Please check your
 connection, disable any ad blockers, or try using a diffe… [+12 chars]",https://pypi.org/project/superdoc-sdk-cli-darwin-arm64/1.3.0.dev51/,2026-03-31,2026-03-31 20:47:19+00:00,0.3182,positive,2026-03-31 00:00:00-04:00,247.91000366210935,255.47999572753903,247.1000061035156,253.7899932861328,49598100,0.0290312949015365,250.9459991455078,254.43904695056733,264.1369378226144,238.68095506940568,0.0121841254532499
27,AAPL,2026-03-31 20:50:37+00:00,CNBC,"Deirdre Bosa, Jasmine Wu",Column: Apple's crackdown on AI apps puts it on the wrong side of history,"Apple is going against its founding mission from 50 years ago by standing in the way AI coding, or vibe-coding.","Steve Jobs founded Apple 50 years ago this week on a simple idea: democratize computing by putting personal computers in the hands of anyone. Now, Apple is going against that founding mission by stan… [+7978 chars]",https://www.cnbc.com/2026/03/31/column-apples-crackdown-on-ai-apps-puts-it-wrong-side-of-history.html,2026-03-31,2026-03-31 20:50:37+00:00,0.0,neutral,2026-03-31 00:00:00-04:00,247.91000366210935,255.47999572753903,247.1000061035156,253.7899932861328,49598100,0.0290312949015365,250.9459991455078,254.43904695056733,264.1369378226144,238.68095506940568,0.0121841254532499
28,AAPL,2026-03-31 20:51:34+00:00,USA Today,"Howard Balzer, Cardinals Wire",Arizona Cardinals' strength and conditioning staff still unannounced,"The Arizona Cardinals begin offseason program April 7, but who will be in charge?","The Arizona Cardinals open Phase 1 of their offseason program on April 7 with strength and conditioning, but outside the building, it is unknown who will be guiding the players when they report.
The… [+4042 chars]",https://cardswire.usatoday.com/story/sports/nfl/cardinals/2026/03/31/arizona-cardinals-strength-and-conditioning-staff-still-unannounced/89409791007/,2026-03-31,2026-03-31 20:51:34+00:00,0.2732,positive,2026-03-31 00:00:00-04:00,247.91000366210935,255.47999572753903,247.1000061035156,253.7899932861328,49598100,0.0290312949015365,250.9459991455078,254.43904695056733,264.1369378226144,238.68095506940568,0.0121841254532499
29,AAPL,2026-03-31 20:53:21+00:00,Macdailynews.com,MacDailyNews,Apple tests Siri feature that could finally let it handle multiple commands at once,"Apple is quietly working on a significant upgrade to Siri that could make the long-serving digital assistant feel considerably more capable…
The post Apple tests Siri feature that could finally let it handle multiple commands at once appeared first on MacDail…","Apple’s Siri icon
Apple is quietly working on a significant upgrade to Siri that could make the long-serving digital assistant feel considerably more capable and natural to use. According to a new r… [+2123 chars]",https://macdailynews.com/2026/03/31/apple-tests-siri-feature-that-could-finally-let-it-handle-multiple-commands-at-once/,2026-03-31,2026-03-31 20:53:21+00:00,0.774,positive,2026-03-31 00:00:00-04:00,247.91000366210935,255.47999572753903,247.1000061035156,253.7899932861328,49598100,0.0290312949015365,250.9459991455078,254.43904695056733,264.1369378226144,238.68095506940568,0.0121841254532499
30,AAPL,2026-03-31 20:55:07+00:00,9to5Mac,Marcus Mendes,Watch Tim Cook ring the Nasdaq Opening Bell as part of Apple’s 50th anniversary celebrations,"Earlier today, Tim Cook remotely rang the Nasdaq Opening Bell from Apple Park, where he also gave a short speech. Here’s what he said.



 more…","Earlier today, Tim Cook remotely rang the Nasdaq Opening Bell from Apple Park, where he also gave a short speech. Heres what he said.
The Nasdaq Opening Bell ceremony took place remotely from Apple … [+2987 chars]",https://9to5mac.com/2026/03/31/watch-tim-cook-ring-the-nasdaq-opening-bell-as-part-of-apples-50th-anniversary-celebrations/,2026-03-31,2026-03-31 20:55:07+00:00,0.0,neutral,2026-03-31 00:00:00-04:00,247.91000366210935,255.47999572753903,247.1000061035156,253.7899932861328,49598100,0.0290312949015365,250.9459991455078,254.43904695056733,264.1369378226144,238.68095506940568,0.0121841254532499
31,AAPL,2026-03-31 20:55:08+00:00,Bringatrailer.com,bringatrailer,2019 Audi TT Coupe 20th Anniversary Edition,"This 2019 Audi TT coupe is #510 of 999 20th Anniversary Edition examples produced for the US market to celebrate 20 years of the TT. It is finished in Aviator Gray Pearl Effect, and details unique to anniversary cars include Moccasin Brown leather with yellow…","This 2019 Audi TT coupe is #510 of 999 20th Anniversary Edition examples produced for the US market to celebrate 20 years of the TT. It is finished in Aviator Gray Pearl Effect, and details unique to… [+3220 chars]",https://bringatrailer.com/listing/2019-audi-tt-5/,2026-03-31,2026-03-31 20:55:08+00:00,0.5719,positive,2026-03-31 00:00:00-04:00,247.91000366210935,255.47999572753903,247.1000061035156,253.7899932861328,49598100,0.0290312949015365,250.9459991455078,254.43904695056733,264.1369378226144,238.68095506940568,0.0121841254532499
32,AAPL,2026-03-31 20:55:18+00:00,Yahoo Entertainment,,Apple Inc. (AAPL) Focused on Service Monetization to Accelerate Revenue Growth,,"If you click 'Accept all', we and our partners, including 251 who are part of the IAB Transparency &amp; Consent Framework, will also store and / or access information on a device (in other words, us… [+1046 chars]",https://consent.yahoo.com/v2/collectConsent?sessionId=1_cc-session_c899a6a0-a437-49af-a704-b7c9591c46ab,2026-03-31,2026-03-31 20:55:18+00:00,0.5423,positive,2026-03-31 00:00:00-04:00,247.91000366210935,255.47999572753903,247.1000061035156,253.7899932861328,49598100,0.0290312949015365,250.9459991455078,254.43904695056733,264.1369378226144,238.68095506940568,0.0121841254532499
33,AAPL,2026-03-31 20:55:54+00:00,SamMobile,Adnan Farooqui,Apple’s rumored new Siri strategy exposes a big Samsung AI problem,"While Samsung stormed ahead in mobile AI with its Google Gemini partnership, Apple took a different approach. The company wasn't as open to teaming up with others initially, opting to tightly control Siri and available AI models on its devices to limit how ou…","While Samsung stormed ahead in mobile AI with its Google Gemini partnership, Apple took a different approach. The company wasn't as open to teaming up with others initially, opting to tightly control… [+3811 chars]",https://www.sammobile.com/news/apples-rumored-new-siri-strategy-exposes-a-big-samsung-ai-problem/,2026-03-31,2026-03-31 20:55:54+00:00,0.0,neutral,2026-03-31 00:00:00-04:00,247.91000366210935,255.47999572753903,247.1000061035156,253.7899932861328,49598100,0.0290312949015365,250.9459991455078,254.43904695056733,264.1369378226144,238.68095506940568,0.0121841254532499
34,AAPL,2026-03-31 21:00:00+00:00,TechRadar,"dash.wood@futurenet.com (Dashiell Wood) , Dashiell Wood",The Division Resurgence seems like the perfect way to get your MMO shooter fix on the go — 'We believe it's a good way to catch up with the universe in a more flexible way' developer says,"The executive producer of The Division Resurgence believes the game is ""a good way to catch up with the universe in a more flexible way"".","<ul><li>The executive producer of Tom Clancy's The Division Resurgence has described the new mobile game as ""a good way to catch up with the universe""</li><li>The free-to-play title is fully canon an… [+2799 chars]",https://www.techradar.com/gaming/mobile-gaming/the-division-resurgence-seems-like-the-perfect-way-to-get-your-mmo-shooter-fix-on-the-go-we-believe-its-a-good-way-to-catch-up-with-the-universe-in-a-more-flexible-way-developer-says,2026-03-31,2026-03-31 21:00:00+00:00,0.4404,positive,2026-03-31 00:00:00-04:00,247.91000366210935,255.47999572753903,247.1000061035156,253.7899932861328,49598100,0.0290312949015365,250.9459991455078,254.43904695056733,264.1369378226144,238.68095506940568,0.0121841254532499
35,AAPL,2026-03-31 21:03:01+00:00,Fstoppers,Alex Cooke,The Biggest Photography Stories of March 2026,"March 2026 was one of those months where every corner of the photography world seemed to shift at once. From semiconductor crises driven by AI infrastructure to the Supreme Court declining to touch a pivotal AI copyright case, from the biggest camera trade sh…",March 2026 was one of those months where every corner of the photography world seemed to shift at once. From semiconductor crises driven by AI infrastructure to the Supreme Court declining to touch a… [+17422 chars],https://fstoppers.com/news/biggest-photography-stories-march-2026-901312,2026-03-31,2026-03-31 21:03:01+00:00,0.5574,positive,2026-03-31 00:00:00-04:00,247.91000366210935,255.47999572753903,247.1000061035156,253.7899932861328,49598100,0.0290312949015365,250.9459991455078,254.43904695056733,264.1369378226144,238.68095506940568,0.0121841254532499
36,AAPL,2026-03-31 21:03:18+00:00,The Verge,Jay Peters,You can now use ChatGPT with Apple’s CarPlay,"ChatGPT is now accessible from your CarPlay dashboard if you have iOS 26.4 or newer and the latest version of the ChatGPT app, 9to5Mac reports. Apple's recently-launched iOS 26.4 update added support for ""voice-based conversational apps"" in CarPlay, opening t…","<ul><li></li><li></li><li></li></ul>
iOS 26.4 opened the door to letting you chat with AI chatbots through your CarPlay dashboard.
iOS 26.4 opened the door to letting you chat with AI chatbots thro… [+2105 chars]",https://www.theverge.com/ai-artificial-intelligence/904676/apple-carplay-openai-chatgpt,2026-03-31,2026-03-31 21:03:18+00:00,0.0,neutral,2026-03-31 00:00:00-04:00,247.91000366210935,255.47999572753903,247.1000061035156,253.7899932861328,49598100,0.0290312949015365,250.9459991455078,254.43904695056733,264.1369378226144,238.68095506940568,0.0121841254532499
37,AAPL,2026-03-31 21:03:40+00:00,Wccftech,Omar Sohail,M5 Max MacBook Pro Performance Scare Highlights A 41.5% Multi-Core Inconsistency Average Arising In Bad Batches,"A bad batch of MacBooks would typically be resolved with a quick software update, but the latest M5 Max models don’t fall in that category, as some of them are showcasing inconsistent multi-core performance in a variety of benchmarks. One YouTuber has noticed…","A bad batch of MacBooks would typically be resolved with a quick software update, but the latest M5 Max models dont fall in that category, as some of them are showcasing inconsistent multi-core perfo… [+2098 chars]",https://wccftech.com/bad-batches-of-m5-max-macbook-pro-exist-with-performance-inconsistencies/,2026-03-31,2026-03-31 21:03:40+00:00,-0.2263,negative,2026-03-31 00:00:00-04:00,247.91000366210935,255.47999572753903,247.1000061035156,253.7899932861328,49598100,0.0290312949015365,250.9459991455078,254.43904695056733,264.1369378226144,238.68095506940568,0.0121841254532499
38,AAPL,2026-03-31 21:07:08+00:00,Goodereader,Michael Kozlowski,Apple Books will soon get Trophies and Medals,"In the next Apple software update for all devices, Apple Books will finally get some love. Achievements and medals will be introduced.
The post Apple Books will soon get Trophies and Medals first appeared on Good e-Reader.","In an upcoming Apple software update, Apple Books will finally get some love. There will be new awards and medals provided for reading e-books and listening to audiobooks. The Apple year-end awards w… [+1582 chars]",https://goodereader.com/blog/e-book-news/apple-books-will-soon-get-trophies-and-medals,2026-03-31,2026-03-31 21:07:08+00:00,0.8807,positive,2026-03-31 00:00:00-04:00,247.91000366210935,255.47999572753903,247.1000061035156,253.7899932861328,49598100,0.0290312949015365,250.9459991455078,254.43904695056733,264.1369378226144,238.68095506940568,0.0121841254532499
39,AAPL,2026-03-31 21:12:06+00:00,Android Authority,Ryan McNeal,Nothing could expand past smartphones with new smart glasses next year,Nothing is reportedly working on smart glasses and new earbuds. The smart glasses could launch sooner than you expect.,<ul><li>Nothing appears to be working on smart glasses.</li><li>These smart glasses will reportedly arrive in the first half of 2027.</li><li>Its also reported that Nothing plans to launch new earbud… [+1998 chars],https://www.androidauthority.com/nothing-smart-glasses-3653701/,2026-03-31,2026-03-31 21:12:06+00:00,0.6597,positive,2026-03-31 00:00:00-04:00,247.91000366210935,255.47999572753903,247.1000061035156,253.7899932861328,49598100,0.0290312949015365,250.9459991455078,254.43904695056733,264.1369378226144,238.68095506940568,0.0121841254532499
40,AAPL,2026-03-31 21:13:47+00:00,Slashdot.org,feedfeeder,'Only limited by the physics': inside Apple’s AirPods Max 2 and the H2 chip upgrade - TechRadar,"'Only limited by the physics': inside Apple’s AirPods Max 2 and the H2 chip upgradeTechRadar Apple AirPods Max 2 Review: A More Significant Upgrade Than I ExpectedCNET The AirPods Max 2 are a great sequel, but not an ambitious oneThe Verge Apple releases new …",The Fine Print: The following comments are owned by whoever posted them. We are not responsible for them in any way.,https://slashdot.org/firehose.pl?op=view&amp;id=181194458,2026-03-31,2026-03-31 21:13:47+00:00,-0.0418,neutral,2026-03-31 00:00:00-04:00,247.91000366210935,255.47999572753903,247.1000061035156,253.7899932861328,49598100,0.0290312949015365,250.9459991455078,254.43904695056733,264.1369378226144,238.68095506940568,0.0121841254532499
41,AAPL,2026-03-31 21:19:32+00:00,Android Headlines,Rishaj Upadhyay,Apple’s Improved AI-Infused Siri Will Reportedly Handle Multiple Commands in One Go,The post Apple’s Improved AI-Infused Siri Will Reportedly Handle Multiple Commands in One Go appeared first on Android Headlines.,"Apple, despite being unable to leave its mark in the already intensified AI race, hasnt quite given up on its AI ambitions. The company is looking to make a grand comeback with AI-powered Siri. As WW… [+1616 chars]",https://www.androidheadlines.com/2026/03/apples-improved-ai-infused-siri-will-reportedly-handle-multiple-commands-in-one-go.html,2026-03-31,2026-03-31 21:19:32+00:00,0.4215,positive,2026-03-31 00:00:00-04:00,247.91000366210935,255.47999572753903,247.1000061035156,253.7899932861328,49598100,0.0290312949015365,250.9459991455078,254.43904695056733,264.1369378226144,238.68095506940568,0.0121841254532499
42,AAPL,2026-03-31 21:19:38+00:00,CNET,Blake Stimac,Museum Commemorates Apple's 50 Years With Anniversary Exhibit,The exhibit promises an interactive experience with some of Apple's greatest products.,"Apple has been defining technology for 50 years, and a museum is ready to commemorate it for the anniversary. On April 1, the Mimms Museum of Technology and Art will open an extensive exhibit that sh… [+1332 chars]",https://www.cnet.com/tech/museum-apple-50-year-anniversary-exhibit/,2026-03-31,2026-03-31 21:19:38+00:00,0.3612,positive,2026-03-31 00:00:00-04:00,247.91000366210935,255.47999572753903,247.1000061035156,253.7899932861328,49598100,0.0290312949015365,250.9459991455078,254.43904695056733,264.1369378226144,238.68095506940568,0.0121841254532499
43,AAPL,2026-03-31 21:20:00+00:00,Werd.io,Ben Werdmuller,An alternate history of social media,I joined Rabble on the Revolution.Social podcast.,"I've been remiss about sharing it here, but I really enjoyed my conversation with Rabble on his excellent Revolution.Social podcast, which published earlier this month. Revolution.Social describes it… [+617 chars]",https://werd.io/an-alternate-history-of-social-media/,2026-03-31,2026-03-31 21:20:00+00:00,0.9159,positive,2026-03-31 00:00:00-04:00,247.91000366210935,255.47999572753903,247.1000061035156,253.7899932861328,49598100,0.0290312949015365,250.9459991455078,254.43904695056733,264.1369378226144,238.68095506940568,0.0121841254532499
44,AAPL,2026-03-31 21:21:29+00:00,Jasonferruggia.com,Jason Ferruggia,The Biggest Mistake You Can Make in Life,"In this episode, I'm breaking down the habits, the mindset, the mistakes to avoid, and the standards you need to abide by in order to absolutely dominate life...
The post The Biggest Mistake You Can Make in Life appeared first on Jason Ferruggia.","What does it really take to level up in life?
Whether it be your fitness, mindset, relationships, career… There’s only one thing holding you back. 
And that thing is YOU. 
Feeling stuck?
Not lovi… [+1562 chars]",https://jasonferruggia.com/biggest-mistake-in-life/,2026-03-31,2026-03-31 21:21:29+00:00,0.2406,positive,2026-03-31 00:00:00-04:00,247.91000366210935,255.47999572753903,247.1000061035156,253.7899932861328,49598100,0.0290312949015365,250.9459991455078,254.43904695056733,264.1369378226144,238.68095506940568,0.0121841254532499
45,AAPL,2026-03-31 21:23:49+00:00,Cosmopolitan.com,Tamara Fuentes,We're Finally Getting the Julia Garner-Led Madonna Biopic (Sort Of),Seth Rogen finally doing what the rest of Hollywood was too cowardly to do.,"Madonna and Julia Garner were spotted last week by Deuxmoi seemingly shooting scenes together, it forced us all to remember that, at one point, Julia was supposed to be playing the pop star on the bi… [+1491 chars]",https://www.cosmopolitan.com/entertainment/tv/a70898807/julia-garner-madonna-biopic-the-studio/,2026-03-31,2026-03-31 21:23:49+00:00,-0.296,negative,2026-03-31 00:00:00-04:00,247.91000366210935,255.47999572753903,247.1000061035156,253.7899932861328,49598100,0.0290312949015365,250.9459991455078,254.43904695056733,264.1369378226144,238.68095506940568,0.0121841254532499
46,AAPL,2026-03-31 21:24:19+00:00,Screen Rant,Greg MacArthur,Jon Hamm’s 9-Part Crime Series Is Worth An Easy Mid-Week Binge Before Season 2 Premieres,"Discover Jon Hamm's critically acclaimed 9-part crime series on Apple TV, now a must-watch mid-week binge before its season 2 premiere this week.",Jon Hamm's critically acclaimed 9-part crime series is worth an easy mid-week binge before season 2 premieres on Apple TV in just a few days. The crime drama series is already one of the most anticip… [+3746 chars],https://screenrant.com/jon-hamm-series-your-friends-and-neighbors-season-2-watch/,2026-03-31,2026-03-31 21:24:19+00:00,-0.4939,negative,2026-03-31 00:00:00-04:00,247.91000366210935,255.47999572753903,247.1000061035156,253.7899932861328,49598100,0.0290312949015365,250.9459991455078,254.43904695056733,264.1369378226144,238.68095506940568,0.0121841254532499
47,AAPL,2026-03-31 21:24:58+00:00,Screen Rant,Mona Khalifeh,Sons of Anarchy Prequel: Creator Kurt Sutter Hints At Possible Return,"Kurt Sutter, creator of Sons of Anarchy, reveals the scrapped prequel series is not completely off the table, as he rebuilds his relationship with FX Networks chairman John Landgraf.","Kurt Sutter isn't ruling out a return to the Sons of Anarchy universe just yet. Despite the long-scrapped prequel series and his highly publicized exit from FX seven years ago, Sutter has revealed th… [+2954 chars]",https://screenrant.com/sons-of-anarchy-prequel-series-update-kurt-sutter/,2026-03-31,2026-03-31 21:24:58+00:00,0.0,neutral,2026-03-31 00:00:00-04:00,247.91000366210935,255.47999572753903,247.1000061035156,253.7899932861328,49598100,0.0290312949015365,250.9459991455078,254.43904695056733,264.1369378226144,238.68095506940568,0.0121841254532499
48,AAPL,2026-03-31 21:25:12+00:00,Wired,"Dell Cameron, Louise Matsakis",Iran Threatens to Start Attacking Major US Tech Firms on April 1,"Tech giants like Apple, Google, and Microsoft are among those on a target list released by Iran’s Islamic Revolutionary Guard Corps.",Irans Islamic Revolutionary Guard Corps warned Tuesday that it plans to begin attacking more than a dozen American companies across the Middle East on Wednesday in retaliation for the killing of Iran… [+3382 chars],https://www.wired.com/story/iran-threatens-to-start-attacking-major-us-tech-firms-on-april-1/,2026-03-31,2026-03-31 21:25:12+00:00,-0.8591,negative,2026-03-31 00:00:00-04:00,247.91000366210935,255.47999572753903,247.1000061035156,253.7899932861328,49598100,0.0290312949015365,250.9459991455078,254.43904695056733,264.1369378226144,238.68095506940568,0.0121841254532499
49,AAPL,2026-03-31 21:25:19+00:00,9to5Mac,Marcus Mendes,Oscar nominee Stellan Skarsgård to star in untitled Apple TV thriller series,"Swedish actor Stellan Skarsgård (Sentimental Value) is set to star alongside Dakota Fanning (All Her Fault) in an upcoming untitled international thriller series for Apple TV. Here’s what we know about it so far.



 more…",Swedish actor Stellan Skarsgård (Sentimental Value) is set to star alongside Dakota Fanning (All Her Fault) in an upcoming untitled international thriller series for Apple TV. Heres what we know abou… [+1445 chars],https://9to5mac.com/2026/03/31/oscar-nominee-stellan-skarsgard-to-star-in-untitled-apple-tv-thriller-series/,2026-03-31,2026-03-31 21:25:19+00:00,0.34,positive,2026-03-31 00:00:00-04:00,247.91000366210935,255.47999572753903,247.1000061035156,253.7899932861328,49598100,0.0290312949015365,250.9459991455078,254.43904695056733,264.1369378226144,238.68095506940568,0.0121841254532499
50,AAPL,2026-03-31 21:25:42+00:00,Pypi.org,,superdoc-sdk-cli-darwin-arm64 1.3.0.dev52,SuperDoc CLI binary for macOS ARM64 (Apple Silicon),"A required part of this site couldnt load. This may be due to a browser
 extension, network issues, or browser settings. Please check your
 connection, disable any ad blockers, or try using a diffe… [+12 chars]",https://pypi.org/project/superdoc-sdk-cli-darwin-arm64/1.3.0.dev52/,2026-03-31,2026-03-31 21:25:42+00:00,0.3182,positive,2026-03-31 00:00:00-04:00,247.91000366210935,255.47999572753903,247.1000061035156,253.7899932861328,49598100,0.0290312949015365,250.9459991455078,254.43904695056733,264.1369378226144,238.68095506940568,0.0121841254532499
51,AAPL,2026-03-31 21:26:43+00:00,Foreign Policy,Alexandra Sharp,Iran Says It Will Target U.S. Tech Companies in the Middle East,The threat comes as U.S. Defense Secretary Pete Hegseth warned of a decisive next few days in the war.,"Welcome back to World Brief, where were looking at major U.S. and Iranian military operations, concerns that Hungary is too close to Russia, and Israels new capital punishment law for Palestinians in… [+9537 chars]",http://foreignpolicy.com/2026/03/31/iran-threat-us-tech-companies-irgc-hegseth-strait-hormuz-esfahan-oil-prices/,2026-03-31,2026-03-31 21:26:43+00:00,-0.0516,negative,2026-03-31 00:00:00-04:00,247.91000366210935,255.47999572753903,247.1000061035156,253.7899932861328,49598100,0.0290312949015365,250.9459991455078,254.43904695056733,264.1369378226144,238.68095506940568,0.0121841254532499
52,AAPL,2026-03-31 21:30:48+00:00,Yanko Design,Srishti Mitra,This Coin-Sized Sensor Turns Any Analog Watch Into a Fitness Tracker,"This Coin-Sized Sensor Turns Any Analog Watch Into a Fitness TrackerThere is always a persistent tension in the watch world. Smartwatches do a lot, but they rarely look good doing it. Analog watches look exceptional,...","There is always a persistent tension in the watch world. Smartwatches do a lot, but they rarely look good doing it. Analog watches look exceptional, but they’ll never ping you when you’ve hit 10,000 … [+2225 chars]",https://www.yankodesign.com/2026/03/31/this-coin-sized-sensor-turns-any-analog-watch-into-a-fitness-tracker/,2026-03-31,2026-03-31 21:30:48+00:00,-0.5802,negative,2026-03-31 00:00:00-04:00,247.91000366210935,255.47999572753903,247.1000061035156,253.7899932861328,49598100,0.0290312949015365,250.9459991455078,254.43904695056733,264.1369378226144,238.68095506940568,0.0121841254532499
53,AAPL,2026-03-31 21:32:48+00:00,Slashdot.org,feedfeeder,Apple Tests Siri Feature That Handles Multiple Commands at Once - Bloomberg.com,Apple Tests Siri Feature That Handles Multiple Commands at OnceBloomberg.com New Siri multitasking upgrade detailed in latest iOS 27 report9to5Mac Apple Can ‘Distill’ Google’s Big Gemini ModelThe Information Apple's Siri might get an AI app store of its ownMa…,The Fine Print: The following comments are owned by whoever posted them. We are not responsible for them in any way.,https://slashdot.org/firehose.pl?op=view&amp;id=181194536,2026-03-31,2026-03-31 21:32:48+00:00,-0.0418,neutral,2026-03-31 00:00:00-04:00,247.91000366210935,255.47999572753903,247.1000061035156,253.7899932861328,49598100,0.0290312949015365,250.9459991455078,254.43904695056733,264.1369378226144,238.68095506940568,0.0121841254532499
54,AAPL,2026-03-31 21:36:36+00:00,Japan Today,,U.S. says Iran war at decisive moment; Tehran threatens U.S. companies in region,U.S. Defense Secretary Pete Hegseth said on Tuesday the next few days in the war against Iran would be decisive and warned Tehran that the conflict would intensify if it did not make a deal. Iran's Revolutionary Guards hit back ‌with a new threat against U.S.…,"U.S. Defense Secretary Pete Hegseth said on Tuesday the next few days in the war against Iran would be decisive and warned Tehran that the conflict would intensify if it did not make a deal.
Iran's … [+5033 chars]",https://japantoday.com/category/world/us-says-iran-war-at-decisive-moment-tehran-threatens-us-businesses-in-region,2026-03-31,2026-03-31 21:36:36+00:00,-0.7096,negative,2026-03-31 00:00:00-04:00,247.91000366210935,255.47999572753903,247.1000061035156,253.7899932861328,49598100,0.0290312949015365,250.9459991455078,254.43904695056733,264.1369378226144,238.68095506940568,0.0121841254532499
55,AAPL,2026-03-31 21:41:57+00:00,PhoneArena,Ilia Temelkov,Pixel 11 Pro leak reveals design changes that look disappointing,The Pixel 11 Pro renders look like Google has run out of ideas.,"Google is expected to launch the Pixel 11 series in just a few months, which is why rumors about the devices have started popping up. Weve already seen the first renders of the vanilla model yesterda… [+2259 chars]",https://www.phonearena.com/news/pixel-11-pro-leak-reveals-design-changes-that-look-disappointing_id179334,2026-03-31,2026-03-31 21:41:57+00:00,0.0,neutral,2026-03-31 00:00:00-04:00,247.91000366210935,255.47999572753903,247.1000061035156,253.7899932861328,49598100,0.0290312949015365,250.9459991455078,254.43904695056733,264.1369378226144,238.68095506940568,0.0121841254532499
56,AAPL,2026-03-31 21:42:14+00:00,CNET,Tyler Graham,"Lil Finder Guy, Apple's Clippy-Esque MacBook Mascot, Is Winning Hearts","The cute blue-and-white mascot made his debut during the MacBook Neo launch, but he's back in more TikTok videos. Long live ""Lil Finder Guy""!","If you were paying attention to Apple's TikTok account during the MacBook Neo debut, you may have spotted a little blue-and-white dude hanging out in the periphery of one video. The nerdy little azur… [+1771 chars]",https://www.cnet.com/tech/apples-macbook-mascot-lil-finder-guy/,2026-03-31,2026-03-31 21:42:14+00:00,-0.0516,negative,2026-03-31 00:00:00-04:00,247.91000366210935,255.47999572753903,247.1000061035156,253.7899932861328,49598100,0.0290312949015365,250.9459991455078,254.43904695056733,264.1369378226144,238.68095506940568,0.0121841254532499
57,AAPL,2026-03-31 21:45:00+00:00,IGN,Danielle Abraham,Apple AirPods Max Are $150 Off at Woot,Don’t miss your chance to snag these top-tier noise-canceling headphones back at their lowest price,"Its your last chance to save during Amazons Big Spring Sale
. However, its not the only place where you can score some awesome discounts. Woot, the Amazon-owned deals website, has plenty of items av… [+2184 chars]",https://www.ign.com/articles/apple-airpods-max-are-150-off-at-woot,2026-03-31,2026-03-31 21:45:00+00:00,0.9001,positive,2026-03-31 00:00:00-04:00,247.91000366210935,255.47999572753903,247.1000061035156,253.7899932861328,49598100,0.0290312949015365,250.9459991455078,254.43904695056733,264.1369378226144,238.68095506940568,0.0121841254532499
58,AAPL,2026-03-31 21:47:00+00:00,BGR,staff@bgr.com (Kazim Alvi),What Happened To Live Wallpapers On iPhone? Why Apple Got Rid Of The Feature,Ever wondered what happened to live wallpapers on your iPhone? Here's what you need to know about where they went and what replaces them.,Apple's decision to move away from live wallpapers in iOS 16 didn't happen in isolation. It was a calculated move. Instead of retaining live wallpapers which was a pretty limited feature  Apple prior… [+929 chars],https://www.bgr.com/2132229/why-apple-removed-live-wallpapers-iphone/,2026-03-31,2026-03-31 21:47:00+00:00,0.5511,positive,2026-03-31 00:00:00-04:00,247.91000366210935,255.47999572753903,247.1000061035156,253.7899932861328,49598100,0.0290312949015365,250.9459991455078,254.43904695056733,264.1369378226144,238.68095506940568,0.0121841254532499
59,AAPL,2026-03-31 21:53:48+00:00,TechRadar,"jacob.krol@futurenet.com (Jacob Krol) , Jacob Krol","Apple turns 50 — we’re live tracking the celebration, surprises, and more","Join us live as Apple hits the 50-year mark, with updates, reactions, and what it means for the future.","We're just hours away from the clock striking midnight on April 1, 2026, here in the United States — and when that happens, it will officially be Apple’s 50th anniversary. It’s a pretty historic mile… [+776 chars]",https://www.techradar.com/news/live/apple-50th-anniversary-celebration,2026-03-31,2026-03-31 21:53:48+00:00,0.7184,positive,2026-03-31 00:00:00-04:00,247.91000366210935,255.47999572753903,247.1000061035156,253.7899932861328,49598100,0.0290312949015365,250.9459991455078,254.43904695056733,264.1369378226144,238.68095506940568,0.0121841254532499
60,AAPL,2026-03-31 21:57:34+00:00,New York Post,Thomas Barrabi,Apple discontinues well-known product after 20-year run,Apple has discontinued its high-end Mac Pro desktop after a 20-year run.,"Apple has discontinued its high-end Mac Pro desktop after a two-decade run.
The computer, which was aimed at serving video editors and other professional techies, was quietly removed from Apples web… [+1067 chars]",https://nypost.com/2026/03/31/business/apple-discontinues-well-known-product-after-20-year-run/,2026-03-31,2026-03-31 21:57:34+00:00,0.0,neutral,2026-03-31 00:00:00-04:00,247.91000366210935,255.47999572753903,247.1000061035156,253.7899932861328,49598100,0.0290312949015365,250.9459991455078,254.43904695056733,264.1369378226144,238.68095506940568,0.0121841254532499
61,AAPL,2026-03-31 22:00:00+00:00,Windy City Gridiron,Lester A. Wiltfong Jr.,Chicago Bears Draft: A closer look at Auburn’s top prospects,"The Auburn Tigers have a few prospects who could end up on the Chicago Bears, and we look at a few of them here.","On her latest Making Monsters podcast, Taylor Doll kicks off her annual NFL Draft series with Zac Blackerby, who covers the Auburn Tigers for the Locked on Network. They discuss a few Auburn prospect… [+1446 chars]",https://www.windycitygridiron.com/chicago-bears-analysis/113607/chicago-bears-draft-a-closer-look-at-auburn-top-prospects-keldric-faulk,2026-03-31,2026-03-31 22:00:00+00:00,0.0,neutral,2026-03-31 00:00:00-04:00,247.91000366210935,255.47999572753903,247.1000061035156,253.7899932861328,49598100,0.0290312949015365,250.9459991455078,254.43904695056733,264.1369378226144,238.68095506940568,0.0121841254532499
62,AAPL,2026-03-31 22:00:00+00:00,Bavarian Football Works,CSmith1919,"Despite recent setback, Bayern Munich’s Tom Bischof still aiming for World Cup",Does the FC Bayern youngster have a chance?,"Bayern Munich multi-purpose youngster Tom Bischof did not get selected for the German national team during this international break, but he did report to Germanys U-21 side where he acted as the capt… [+1250 chars]",https://www.bavarianfootballworks.com/germany-international-soccer/183448/despite-recent-setback-bayern-munichs-tom-bischof-still-aiming-for-world-cup,2026-03-31,2026-03-31 22:00:00+00:00,0.0,neutral,2026-03-31 00:00:00-04:00,247.91000366210935,255.47999572753903,247.1000061035156,253.7899932861328,49598100,0.0290312949015365,250.9459991455078,254.43904695056733,264.1369378226144,238.68095506940568,0.0121841254532499
63,AAPL,2026-03-31 22:00:00+00:00,Acast.com,,Hang Up and Listen - The Final Four Countdown,"Hosts Lindsay Gibbs and Ben Lindbergh discuss the maddest moment of March—from the UConn buzzer beater, to Women’s Final Four redux. Alex Kirshner rejoins for two interviews: the first with author and professor Seth Tannenbaum about the growing class divide i…","Hosts Lindsay Gibbs and Ben Lindbergh discuss the maddest moment of Marchfrom the UConn buzzer beater, to Womens Final Four redux. Alex Kirshner rejoins for two interviews: the first with author and … [+1253 chars]",https://shows.acast.com/hang-up-and-listen/episodes/69cc3d3492d007a7659e2b6d,2026-03-31,2026-03-31 22:00:00+00:00,-0.5859,negative,2026-03-31 00:00:00-04:00,247.91000366210935,255.47999572753903,247.1000061035156,253.7899932861328,49598100,0.0290312949015365,250.9459991455078,254.43904695056733,264.1369378226144,238.68095506940568,0.0121841254532499
64,AAPL,2026-03-31 22:00:00+00:00,Deadline,Matthewgrobar,Daryl McCormack Latest To Join Apple’s Alex Cary Thriller Series Starring Dakota Fanning,"EXCLUSIVE: Daryl McCormack (Wake Up Dead Man: A Knives Out Mystery) has landed a key role alongside Dakota Fanning and Stellan Skarsgård in Apple TV’s untitled thriller series from Emmy-winning creator Alex Cary (A Spy Among Friends, Homeland). In the new ser…",EXCLUSIVE:Daryl McCormack (Wake Up Dead Man: A Knives Out Mystery) has landed a key role alongside Dakota Fanning and Stellan Skarsgård in Apple TV’s untitled thriller series from Emmy-winning creato… [+1820 chars],http://deadline.com/2026/03/alex-cary-apple-series-cast-adds-daryl-mccormack-1236770349/,2026-03-31,2026-03-31 22:00:00+00:00,-0.5994,negative,2026-03-31 00:00:00-04:00,247.91000366210935,255.47999572753903,247.1000061035156,253.7899932861328,49598100,0.0290312949015365,250.9459991455078,254.43904695056733,264.1369378226144,238.68095506940568,0.0121841254532499
65,AAPL,2026-03-31 22:00:15+00:00,Izismile.com,Voodoo,Fruits And Vegetables Sprouting Before They Should Is A Somewhat Unsettling Sight (18 pics),Fruits And Vegetables Sprouting Before They Should Is A Somewhat Unsettling Sight  (18 pics),"I Left My Artichoke Out Of The Fridge And It Bloomed
Here's What Happens When You Leave Half A Cabbage In The Fridge Too Long.
Sprouting Strawberry Seeds
Sooo I Forgot I Had Potatoes
I Cut And Ap… [+837 chars]",https://izismile.com/2026/04/01/fruits_and_vegetables_sprouting_before_they_should_is_a_somewhat_unsettling_sight_18_pics.html,2026-03-31,2026-03-31 22:00:15+00:00,-0.3182,negative,2026-03-31 00:00:00-04:00,247.91000366210935,255.47999572753903,247.1000061035156,253.7899932861328,49598100,0.0290312949015365,250.9459991455078,254.43904695056733,264.1369378226144,238.68095506940568,0.0121841254532499
66,AAPL,2026-03-31 22:01:48+00:00,The Next Web,Allison Steffens Herrera,Iran’s Revolutionary Guards just named 18 US tech firms as military targets. The age of the civilian data centre is over.,"At 8pm Tehran time on Tuesday, a new kind of front line was drawn, not through desert terrain or along a disputed border, but through the server farms, cloud regions, and corporate campuses of America’s largest technology companies. The Islamic Revolutionary …","At 8pm Tehran time on Tuesday, a new kind of front line was drawn, not through desert terrain or along a disputed border, but through the server farms, cloud regions, and corporate campuses of Americ… [+7779 chars]",https://thenextweb.com/news/iran-irgc-18-us-tech-companies-military-targets/,2026-03-31,2026-03-31 22:01:48+00:00,-0.1779,negative,2026-03-31 00:00:00-04:00,247.91000366210935,255.47999572753903,247.1000061035156,253.7899932861328,49598100,0.0290312949015365,250.9459991455078,254.43904695056733,264.1369378226144,238.68095506940568,0.0121841254532499
67,AAPL,2026-03-31 22:08:00+00:00,9to5Mac,Marcus Mendes,Report: Apple set to outperform broader notebook market amid worsening shipment outlook,"TrendForce has revised its 2026 notebook shipment forecast downward, with Apple standing out as the exception. Here are the details.



 more…","TrendForce has revised its 2026 notebook shipment forecast downward, with Apple standing out as the exception. Here are the details.
TrendForce has updated its outlook for the global notebook market… [+2034 chars]",https://9to5mac.com/2026/03/31/report-apple-set-to-outperform-broader-notebook-market-amid-worsening-shipment-outlook/,2026-03-31,2026-03-31 22:08:00+00:00,0.0,neutral,2026-03-31 00:00:00-04:00,247.91000366210935,255.47999572753903,247.1000061035156,253.7899932861328,49598100,0.0290312949015365,250.9459991455078,254.43904695056733,264.1369378226144,238.68095506940568,0.0121841254532499
68,AAPL,2026-03-31 22:08:59+00:00,MacRumors,Juli Clover,Apple Releases First Firmware Update for AirTag 2,"Apple today released new firmware for its second-generation AirTag item trackers. The firmware has a 3.0.45 version number, up from 3.0.41, and it is the first firmware update that Apple has provided for the ‌AirTag‌ 2 that launched in January 2026.





‌Air…","Apple today released new firmware for its second-generation AirTag item trackers. The firmware has a 3.0.45 version number, up from 3.0.41, and it is the first firmware update that Apple has provided… [+832 chars]",https://www.macrumors.com/2026/03/31/airtag-2-first-firmware-update/,2026-03-31,2026-03-31 22:08:59+00:00,0.0772,positive,2026-03-31 00:00:00-04:00,247.91000366210935,255.47999572753903,247.1000061035156,253.7899932861328,49598100,0.0290312949015365,250.9459991455078,254.43904695056733,264.1369378226144,238.68095506940568,0.0121841254532499
69,AAPL,2026-03-31 22:15:00+00:00,New York Post,"Barret Wertz, Taylor Herzlich",What you’re *actually* buying when you buy Bitcoin,Oh how the rules have changed.,"New York Post may receive revenue from affiliate and advertising partnerships for sharing this content and/or when you make a purchase.
The first time most people see Bitcoin on a screen, it looks l… [+5570 chars]",https://nypost.com/business/bitcoin-investment-explained/,2026-03-31,2026-03-31 22:15:00+00:00,0.4215,positive,2026-03-31 00:00:00-04:00,247.91000366210935,255.47999572753903,247.1000061035156,253.7899932861328,49598100,0.0290312949015365,250.9459991455078,254.43904695056733,264.1369378226144,238.68095506940568,0.0121841254532499
70,AAPL,2026-03-31 22:15:00+00:00,iPhone in Canada,Austin Blake,Siri in iOS 27 Will Finally Handle Multiple Commands at Once,"Apple is finally fixing one of Siri’s most annoying habits and shortfalls. According to Bloomberg’s Mark Gurman, the upcoming iOS 27 update will allow Siri to tackle more than one request at a time. It’s a massive finally for anyone tired of waiting for the a…","Apple is finally fixing one of Siris most annoying habits and shortfalls. According to Bloombergs Mark Gurman, the upcoming iOS 27 update will allow Siri to tackle more than one request at a time. It… [+1216 chars]",https://www.iphoneincanada.ca/2026/03/31/siri-in-ios-27-will-finally-handle-multiple-commands-at-once/,2026-03-31,2026-03-31 22:15:00+00:00,-0.2716,negative,2026-03-31 00:00:00-04:00,247.91000366210935,255.47999572753903,247.1000061035156,253.7899932861328,49598100,0.0290312949015365,250.9459991455078,254.43904695056733,264.1369378226144,238.68095506940568,0.0121841254532499
71,AAPL,2026-03-31 22:19:55+00:00,Deadline,Erik Pedersen,Doc Talk Podcast: Filmmaker Julia Loktev On Her ‘Undesirable Friends’ – Journalists Who Dared Report From Russia With Independence,"Russian President Vladimir Putin has a habit of driving people out of his country. You know – free-minded people, the kind who believe in democratic values and independent thinking. That dynamic became apparent in the Oscar-winning documentary Mr. Nobody Agai…","Russian President Vladimir Putin has a habit of driving people out of his country. You know – free-minded people, the kind who believe in democratic values and independent thinking.
That dynamic bec… [+2341 chars]",http://deadline.com/2026/03/doc-talk-podcast-julia-loktev-my-undesirable-friends-1236770251/,2026-03-31,2026-03-31 22:19:55+00:00,0.8271,positive,2026-03-31 00:00:00-04:00,247.91000366210935,255.47999572753903,247.1000061035156,253.7899932861328,49598100,0.0290312949015365,250.9459991455078,254.43904695056733,264.1369378226144,238.68095506940568,0.0121841254532499
72,AAPL,2026-03-31 22:20:23+00:00,Cdbaby.com,Ryan DiLello,How to find reliable music industry advice (why artists trust CD Baby),"If you’re an independent artist, you know how hard it is to find dependable information about the music industry. Whether you’re figuring out how to get on Spotify playlists or … Continue reading →
The post How to find reliable music industry advice (why arti…","If youre an independent artist, you know how hard it is to find dependable information about the music industry.
Whether youre figuring out how to get on Spotify playlists or how to choose the right… [+3188 chars]",https://diymusician.cdbaby.com/music-career/why-artists-trust-cd-baby/,2026-03-31,2026-03-31 22:20:23+00:00,-0.1027,negative,2026-03-31 00:00:00-04:00,247.91000366210935,255.47999572753903,247.1000061035156,253.7899932861328,49598100,0.0290312949015365,250.9459991455078,254.43904695056733,264.1369378226144,238.68095506940568,0.0121841254532499
73,AAPL,2026-03-31 22:24:11+00:00,Pypi.org,,silicon-sandbox added to PyPI,Apple Silicon native AI agent sandbox — three-tier isolated code execution with MCP server,"A required part of this site couldnt load. This may be due to a browser
 extension, network issues, or browser settings. Please check your
 connection, disable any ad blockers, or try using a diffe… [+12 chars]",https://pypi.org/project/silicon-sandbox/,2026-03-31,2026-03-31 22:24:11+00:00,0.3182,positive,2026-03-31 00:00:00-04:00,247.91000366210935,255.47999572753903,247.1000061035156,253.7899932861328,49598100,0.0290312949015365,250.9459991455078,254.43904695056733,264.1369378226144,238.68095506940568,0.0121841254532499
74,AAPL,2026-03-31 22:24:11+00:00,Pypi.org,,silicon-sandbox 0.5.0,Apple Silicon native AI agent sandbox — three-tier isolated code execution with MCP server,"A required part of this site couldnt load. This may be due to a browser
 extension, network issues, or browser settings. Please check your
 connection, disable any ad blockers, or try using a diffe… [+12 chars]",https://pypi.org/project/silicon-sandbox/0.5.0/,2026-03-31,2026-03-31 22:24:11+00:00,0.3182,positive,2026-03-31 00:00:00-04:00,247.91000366210935,255.47999572753903,247.1000061035156,253.7899932861328,49598100,0.0290312949015365,250.9459991455078,254.43904695056733,264.1369378226144,238.68095506940568,0.0121841254532499
75,AAPL,2026-03-31 22:35:29+00:00,9to5Mac,Marcus Mendes,Apple among US firms Iran labels ‘terrorist companies’ as it threatens attacks,"As reported by CBS News, Iran’s Islamic Revolutionary Guard Corps (IRGC) vowed to start attacking US-based tech and finance companies in the Mideast starting tomorrow. Here are the details.



 more…","As reported by CBS News, Iran’s Islamic Revolutionary Guard Corps (IRGC) vowed to start attacking US-based tech and finance companies in the Mideast starting tomorrow. Here are the details.
Accordin… [+1526 chars]",https://9to5mac.com/2026/03/31/apple-among-us-firms-iran-labels-terrorist-companies-as-it-threatens-attacks/,2026-03-31,2026-03-31 22:35:29+00:00,-0.4588,negative,2026-03-31 00:00:00-04:00,247.91000366210935,255.47999572753903,247.1000061035156,253.7899932861328,49598100,0.0290312949015365,250.9459991455078,254.43904695056733,264.1369378226144,238.68095506940568,0.0121841254532499
76,AAPL,2026-03-31 22:35:42+00:00,New York Post,Ella Morrison,"NYC man hit with 73 charges for building, dealing ghost guns: DA","Brooklynite Martin Streich, 21 was arrested and indicted on firearm charges Tuesday and is alleged to have manufactured and sold eight ghost guns  —  including two assault weapons — over the course of three months.","A alleged Big Apple ghost gun trafficker who turned his home “an illegal weapons factory” was arrested last week and indicted on 73 firearm related charges, prosecutors announced Tuesday. 
Martin St… [+3340 chars]",https://nypost.com/2026/03/31/us-news/brooklyn-man-arrested-for-manufacturing-and-dealing-ghost-guns-faces-up-to-25-years-behind-bars/,2026-03-31,2026-03-31 22:35:42+00:00,-0.9371,negative,2026-03-31 00:00:00-04:00,247.91000366210935,255.47999572753903,247.1000061035156,253.7899932861328,49598100,0.0290312949015365,250.9459991455078,254.43904695056733,264.1369378226144,238.68095506940568,0.0121841254532499
77,AAPL,2026-03-31 22:37:51+00:00,Yahoo Entertainment,,Wedbush Reiterates Outperform on Apple Inc. (AAPL) Amid Anticipation of Foldable iPhone,,"If you click 'Accept all', we and our partners, including 251 who are part of the IAB Transparency &amp; Consent Framework, will also store and / or access information on a device (in other words, us… [+1046 chars]",https://consent.yahoo.com/v2/collectConsent?sessionId=1_cc-session_63e2d313-c188-414f-90d7-3458a4d12ed1,2026-03-31,2026-03-31 22:37:51+00:00,0.5423,positive,2026-03-31 00:00:00-04:00,247.91000366210935,255.47999572753903,247.1000061035156,253.7899932861328,49598100,0.0290312949015365,250.9459991455078,254.43904695056733,264.1369378226144,238.68095506940568,0.0121841254532499
78,AAPL,2026-03-31 22:40:50+00:00,Github.com,cigrainger,"Show HN: Dux, distributed DuckDB-backed dataframes on the Beam","Hey all! I wrote Explorer[1] a good few years ago now with the dream of fast dataframes with a dplyr-like API in a really powerful, ergonomic language (Elixir). It's proved pretty successful. Explorer is used in production at my company, and it's my go-to for…","Note: Dux is under active development and not yet production ready. APIs may change between releases.
DuckDB-native dataframes for Elixir.
Dux gives you a dplyr-style verb API backed by DuckDB's an… [+6852 chars]",https://github.com/elixir-dux/dux,2026-03-31,2026-03-31 22:40:50+00:00,0.1754,positive,2026-03-31 00:00:00-04:00,247.91000366210935,255.47999572753903,247.1000061035156,253.7899932861328,49598100,0.0290312949015365,250.9459991455078,254.43904695056733,264.1369378226144,238.68095506940568,0.0121841254532499
79,AAPL,2026-03-31 22:41:36+00:00,Pypi.org,druide67@free.fr,asiai 1.5.0,Multi-engine LLM benchmark & monitoring CLI for Apple Silicon,"A required part of this site couldnt load. This may be due to a browser
 extension, network issues, or browser settings. Please check your
 connection, disable any ad blockers, or try using a diffe… [+12 chars]",https://pypi.org/project/asiai/1.5.0/,2026-03-31,2026-03-31 22:41:36+00:00,0.3182,positive,2026-03-31 00:00:00-04:00,247.91000366210935,255.47999572753903,247.1000061035156,253.7899932861328,49598100,0.0290312949015365,250.9459991455078,254.43904695056733,264.1369378226144,238.68095506940568,0.0121841254532499
80,AAPL,2026-03-31 22:44:27+00:00,The Verge,Brandon Widder,Amazon is offering up to 50 percent off chargers from Anker and others for its Big Spring Sale,"Amazon’s Big Spring Sale may not have been as “big” as Black Friday or even Prime Day, but depending on what you’re after, the discounts are more appealing than you might think. Take charging accessories, for instance. Anker, Twelve South, Baseus, and others …","Amazon’s Big Spring Sale may not have been as “big” as Black Friday or even Prime Day, but depending on what you’re after, the discounts are more appealing than you might think. Take charging accesso… [+7490 chars]",https://www.theverge.com/gadgets/904242/amazon-big-spring-sale-2026-baseus-anker-chargers-power-banks-batteries-deals,2026-03-31,2026-03-31 22:44:27+00:00,0.0,neutral,2026-03-31 00:00:00-04:00,247.91000366210935,255.47999572753903,247.1000061035156,253.7899932861328,49598100,0.0290312949015365,250.9459991455078,254.43904695056733,264.1369378226144,238.68095506940568,0.0121841254532499
81,AAPL,2026-03-31 22:47:00+00:00,BGR,staff@bgr.com (Chris Smith),T-Mobile Just Released Its Network-Based Live Translation Beta,"Major service provider T-Mobile has just released its network-based live translation feature to a subset of beta users, which doesn't even require an app.","Many T-Mobile subscribers already have access to built-in live translation tools on their devices, and they don't have to pay any fees to use them. Also, most of these tools run translation services … [+1597 chars]",https://www.bgr.com/2137268/tmobile-network-based-live-translation-feature-beta/,2026-03-31,2026-03-31 22:47:00+00:00,0.0762,positive,2026-03-31 00:00:00-04:00,247.91000366210935,255.47999572753903,247.1000061035156,253.7899932861328,49598100,0.0290312949015365,250.9459991455078,254.43904695056733,264.1369378226144,238.68095506940568,0.0121841254532499
82,AAPL,2026-03-31 22:53:00+00:00,GlobeNewswire,Hagens Berman Sobol Shapiro LLP,PYPL INVESTOR UPDATE: Hagens Berman Alerts PayPal (PYPL) Investors to Securities Class Action Following CEO Ouster and $10B Market Cap Wipeout,Investors who lost money in PYPL after its stock plunged due to allegedly misleading financial statements are urged to contact Hagens Berman....,"SAN FRANCISCO, March 31, 2026 (GLOBE NEWSWIRE) -- National shareholder rights law firm Hagens Berman is notifying investors that a securities class action lawsuit has been filed against PayPal Holdin… [+3605 chars]",https://www.globenewswire.com/news-release/2026/03/31/3266207/32716/en/PYPL-INVESTOR-UPDATE-Hagens-Berman-Alerts-PayPal-PYPL-Investors-to-Securities-Class-Action-Following-CEO-Ouster-and-10B-Market-Cap-Wipeout.html,2026-03-31,2026-03-31 22:53:00+00:00,0.0772,positive,2026-03-31 00:00:00-04:00,247.91000366210935,255.47999572753903,247.1000061035156,253.7899932861328,49598100,0.0290312949015365,250.9459991455078,254.43904695056733,264.1369378226144,238.68095506940568,0.0121841254532499
83,AAPL,2026-03-31 23:00:00+00:00,TechRadar,"marc.mclaren@futurenet.com (Marc McLaren) , Marc McLaren","NYT Connections hints and answers for Wednesday, April 1 (game #1025)","Looking for NYT Connections answers and hints? Here's all you need to know to solve today's game, plus my commentary on the puzzles.","Looking for a different day?
A new NYT Connections puzzle appears at midnight each day for your time zone – which means that some people are always playing 'today's game' while others are playing 'y… [+5065 chars]",https://www.techradar.com/gaming/nyt-connections-today-answers-hints-1-april-2026,2026-03-31,2026-03-31 23:00:00+00:00,0.3818,positive,2026-03-31 00:00:00-04:00,247.91000366210935,255.47999572753903,247.1000061035156,253.7899932861328,49598100,0.0290312949015365,250.9459991455078,254.43904695056733,264.1369378226144,238.68095506940568,0.0121841254532499
84,AAPL,2026-03-31 23:00:00+00:00,/FILM,staff@slashfilm.com (Witney Seibold),Apple TV Is Home To A Wonderfully Subversive Comedy That Still Needs Another Season,"Apple TV's comedy Loot, starring the great Maya Rudolph, ended on a cliffhanger. We're still crossing our fingers that it gets renewed for another season.","The premise of Alan Yang's and Matt Hubbard's TV series ""Loot"" couldn't be more timely. The show follows Molly Wells (Maya Rudolph), who was, until recently, married to a caddish tech billionaire, Jo… [+1442 chars]",https://www.slashfilm.com/2124778/apple-tv-subversive-comedy-loot-needs-new-season/,2026-03-31,2026-03-31 23:00:00+00:00,0.25,positive,2026-03-31 00:00:00-04:00,247.91000366210935,255.47999572753903,247.1000061035156,253.7899932861328,49598100,0.0290312949015365,250.9459991455078,254.43904695056733,264.1369378226144,238.68095506940568,0.0121841254532499
85,AAPL,2026-03-31 23:07:57+00:00,RT,RT,It’s time to ban smartphones in schools,A recent study shows that US students use their phones an average of 64 times per school day ruining concentration and cognitive abilities Read Full Article at RT.com,"By this time, we are all familiar with the image of some harried schoolteacher attempting to maintain control over a classroom where the majority of students are transfixed by their smartphones inste… [+5748 chars]",https://www.rt.com/news/636900-school-students-smartphones-ban/,2026-03-31,2026-03-31 23:07:57+00:00,-0.34,negative,2026-03-31 00:00:00-04:00,247.91000366210935,255.47999572753903,247.1000061035156,253.7899932861328,49598100,0.0290312949015365,250.9459991455078,254.43904695056733,264.1369378226144,238.68095506940568,0.0121841254532499
86,AAPL,2026-03-31 23:18:24+00:00,9to5Mac,Marcus Mendes,Ollama adopts MLX for faster AI performance on Apple silicon Macs,"One of the best tools to run AI models locally on a Mac just got even better. Here’s why, and how to run it.



 more…","One of the best tools to run AI models locally on a Mac just got even better. Heres why, and how to run it.
If youre not familiar with Ollama, this is a Mac, Linux, and Windows app that lets users r… [+1616 chars]",https://9to5mac.com/2026/03/31/ollama-adopts-mlx-for-faster-ai-performance-on-apple-silicon-macs/,2026-03-31,2026-03-31 23:18:24+00:00,0.7964,positive,2026-03-31 00:00:00-04:00,247.91000366210935,255.47999572753903,247.1000061035156,253.7899932861328,49598100,0.0290312949015365,250.9459991455078,254.43904695056733,264.1369378226144,238.68095506940568,0.0121841254532499
87,AAPL,2026-03-31 23:25:29+00:00,Github.com,MayCXC,Show HN: MCP server that generates macOS tools via Open Scripting Architecture,"Cf. The Claude computer use beta. Their own docs state that MCP servers are preferable to computer use [1]:----Claude has several ways to interact with an app or service. Computer use is the broadest and slowest, so Claude tries the most precise tool first:- …","Give your AI access to every scriptable app on your Mac.
osa-mcp is an MCP server that automatically discovers all scriptable macOS apps (Mail, Calendar, Finder, Music, Notes, Safari, &amp;c.) and g… [+2266 chars]",https://github.com/MayCXC/osa-mcp,2026-03-31,2026-03-31 23:25:29+00:00,0.0,neutral,2026-03-31 00:00:00-04:00,247.91000366210935,255.47999572753903,247.1000061035156,253.7899932861328,49598100,0.0290312949015365,250.9459991455078,254.43904695056733,264.1369378226144,238.68095506940568,0.0121841254532499
88,AAPL,2026-03-31 23:29:43+00:00,Applech2.com,applech2,"Apple、USB-AやThunderbolt 2などのレガシーポートを搭載した「MacBook Air (13-inch, 2017)」をビンテージ製品に、「iPhone 8 (PRODUCT)RED™」や「iPad mini 4 Wi-Fi」をオブソリート製品に追加。","AppleがUSB-AやThunderbolt 2ポートを搭載した最後のMacBook「MacBook Air (13-inch, 2017)」をビンテージ製品に、「iPhone 8 (PRODUCT)RED&#x21 […]
The post Apple、USB-AやThunderbolt 2などのレガシーポートを搭載した「MacBook Air (13-inch, 2017)」をビンテージ製品に、「iPhone 8 (PRODUCT)RED™」や「iPad mini 4 Wi-Fi」をオブソリート製品に追加。…","AppleUSB-AThunderbolt 2MacBookMacBook Air (13-inch, 2017)iPhone 8 (PRODUCT)RED™iPad mini 4 Wi-Fi
Apple20260331Obtaining service for your Apple product after an expired warranty2017MacBook Air (13-in… [+622 chars]",https://applech2.com/archives/20260401-apple-macbook-air-13inch-2017-vintage-product.html,2026-03-31,2026-03-31 23:29:43+00:00,0.0,neutral,2026-03-31 00:00:00-04:00,247.91000366210935,255.47999572753903,247.1000061035156,253.7899932861328,49598100,0.0290312949015365,250.9459991455078,254.43904695056733,264.1369378226144,238.68095506940568,0.0121841254532499
89,AAPL,2026-03-31 23:30:00+00:00,Bavarian Football Works,CSmith1919,Bayern Munich’s Max Eberl wants to be clear — Mo Salah didn’t get an offer,FC Bayern will not pursue Mo Salah…at least that’s what Max Eberl says.,"Over the past few days a bizarre rumor emerged out of the Middle East that both Bayern Munich and Paris Saint-Germain had already made offers to outgoing Liverpool legend Mo Salah.
However, Bayern M… [+1274 chars]",https://www.bavarianfootballworks.com/bayern-munich-transfer-news-rumors/183443/bayern-munich-max-eberl-wants-to-be-clear-mo-salah-didnt-get-an-offer,2026-03-31,2026-03-31 23:30:00+00:00,-0.0258,neutral,2026-03-31 00:00:00-04:00,247.91000366210935,255.47999572753903,247.1000061035156,253.7899932861328,49598100,0.0290312949015365,250.9459991455078,254.43904695056733,264.1369378226144,238.68095506940568,0.0121841254532499
90,AAPL,2026-03-31 23:34:00+00:00,CBS News,CBS News,Inside Apple's codependent relationship with China,"CBS News contributor Patrick McGee joins ""The Daily Report"" to discuss the codependent relationship between Apple and China, a country that manufactures hundreds of millions of iPhones every year.",Copyright ©2026 CBS Interactive Inc. All rights reserved.,https://www.cbsnews.com/video/analyzing-apples-codependent-relationship-china/,2026-03-31,2026-03-31 23:34:00+00:00,0.0,neutral,2026-03-31 00:00:00-04:00,247.91000366210935,255.47999572753903,247.1000061035156,253.7899932861328,49598100,0.0290312949015365,250.9459991455078,254.43904695056733,264.1369378226144,238.68095506940568,0.0121841254532499
91,AAPL,2026-03-31 23:34:19+00:00,New York Post,Christian Arnold,MLS local markets unlikely to get media rights back when Apple TV deal ends: NYCFC CEO,MLS and Apple will break their media rights agreement early following the 2028-29 season.,"New York City FC CEO Brad Sims doesnt foresee the day that Major League Soccer ever returns to local market broadcast rights, even if it would benefit the club that he helps run. 
MLS and Apple will… [+1925 chars]",https://nypost.com/2026/03/31/sports/mls-local-markets-unlikely-to-get-media-rights-back-when-apple-tv-deal-ends/,2026-03-31,2026-03-31 23:34:19+00:00,0.6808,positive,2026-03-31 00:00:00-04:00,247.91000366210935,255.47999572753903,247.1000061035156,253.7899932861328,49598100,0.0290312949015365,250.9459991455078,254.43904695056733,264.1369378226144,238.68095506940568,0.0121841254532499
92,AAPL,2026-03-31 23:35:25+00:00,KHON2,Cameron Macedonio,"Alaska, Hawaiian Airlines to function under one app in April: Here’s what to do","Alaska Air Group has launched a new app, Alaska Hawaiian, which combines the services of both Alaska and Hawaiian Airlines, allowing travelers to manage...","HONOLULU (KHON2) Another change is coming to Alaska and Hawaiian Airlines as Alaska Air Group announced the launch of its new app that will combine services.
The new app, simply titled Alaska Hawaii… [+2315 chars]",https://www.khon2.com/local-news/alaska-hawaiian-airlines-app/,2026-03-31,2026-03-31 23:35:25+00:00,0.0,neutral,2026-03-31 00:00:00-04:00,247.91000366210935,255.47999572753903,247.1000061035156,253.7899932861328,49598100,0.0290312949015365,250.9459991455078,254.43904695056733,264.1369378226144,238.68095506940568,0.0121841254532499
93,AAPL,2026-03-31 23:38:20+00:00,SlashGear,Sumukh Rao,5 Home Security Gadgets That Aren't Cameras You Should Be Using In 2026,"Outdoor, indoor, and doorbell cameras are all well and good, but they're hardly the only home security tech around.","As the name suggests, the Meross Human Presence Sensor detects whether there is a human in a room. While a conventional motion sensor activates every time someone enters or exits a room, this Meross … [+1190 chars]",https://www.slashgear.com/2135219/home-security-gadgets-you-should-be-using-in-2026-that-arent-cameras/,2026-03-31,2026-03-31 23:38:20+00:00,0.0,neutral,2026-03-31 00:00:00-04:00,247.91000366210935,255.47999572753903,247.1000061035156,253.7899932861328,49598100,0.0290312949015365,250.9459991455078,254.43904695056733,264.1369378226144,238.68095506940568,0.0121841254532499
94,AAPL,2026-03-31 23:39:49+00:00,Slickdeals.net,phoinix,Refurb: Apple Magic Wireless Mouse 2 $30 + Free S&H w/ Prime,Woot! has Refurbished: Apple Magic Wireless Mouse 2 (3 Colors) for $34.99 - $5 when you apply coupon code APPLEFIVE at checkout = $29.99. Shipping is free for Amazon Prime Members (must login with you,"This collaborative space allows users to contribute additional information, tips, and insights to enhance the original deal post. Feel free to share your knowledge and help fellow shoppers make infor… [+26 chars]",https://slickdeals.net/f/19367088-refurb-apple-magic-wireless-mouse-2-30-free-s-h-w-prime,2026-03-31,2026-03-31 23:39:49+00:00,0.8591,positive,2026-03-31 00:00:00-04:00,247.91000366210935,255.47999572753903,247.1000061035156,253.7899932861328,49598100,0.0290312949015365,250.9459991455078,254.43904695056733,264.1369378226144,238.68095506940568,0.0121841254532499
95,AAPL,2026-03-31 23:45:19+00:00,Screen Rant,Dani Kessel Odom,10 Upcoming Apple TV Shows You Cannot Miss,"With so many great shows on the horizon, Apple TV subscribers are in for a good time. These are ten shows you cannot skip!","Apple TV is bringing many exciting stories to the screen, and these ten new and returning TV shows are ones you absolutely cannot miss. Although the streaming site started much later than others, App… [+10161 chars]",https://screenrant.com/upcoming-apple-tv-shows-cannot-miss/,2026-03-31,2026-03-31 23:45:19+00:00,0.6023,positive,2026-03-31 00:00:00-04:00,247.91000366210935,255.47999572753903,247.1000061035156,253.7899932861328,49598100,0.0290312949015365,250.9459991455078,254.43904695056733,264.1369378226144,238.68095506940568,0.0121841254532499
96,AAPL,2026-03-31 23:47:01+00:00,9to5Mac,Marcus Mendes,AirTag 2 gets its first firmware update since January launch,"In addition to a firmware update for the new AirPods Max 2, which are set to hit the shelves tomorrow (and we have already reviewed), Apple also rolled out a firmware update to the AirTag 2 earlier today. Here are the details.



 more…","In addition to a firmware update for the new AirPods Max 2, which are set to hit the shelves tomorrow (and we have already reviewed), Apple also rolled out a firmware update to the AirTag 2 earlier t… [+1457 chars]",https://9to5mac.com/2026/03/31/airtag-2-gets-its-first-firmware-update-since-january-launch/,2026-03-31,2026-03-31 23:47:01+00:00,0.0,neutral,2026-03-31 00:00:00-04:00,247.91000366210935,255.47999572753903,247.1000061035156,253.7899932861328,49598100,0.0290312949015365,250.9459991455078,254.43904695056733,264.1369378226144,238.68095506940568,0.0121841254532499
97,AAPL,2026-03-31 23:55:39+00:00,Fox News,,"Family ramps up search for missing coffee shop owner, mother of two, urges public to check cameras","Amy Hillyard, 52, has been missing from Oakland since March 25. Authorities classified her as at-risk, and hundreds of volunteers are searching the East Bay.","The family of a missing Oakland business owner is ramping up search efforts across the East Bay, calling on residents to review security footage as volunteers and law enforcement widen the hunt.
Abo… [+5496 chars]",https://www.foxnews.com/us/family-ramps-up-search-missing-coffee-shop-owner-mother-two-urges-public-check-cameras,2026-03-31,2026-03-31 23:55:39+00:00,0.0516,positive,2026-03-31 00:00:00-04:00,247.91000366210935,255.47999572753903,247.1000061035156,253.7899932861328,49598100,0.0290312949015365,250.9459991455078,254.43904695056733,264.1369378226144,238.68095506940568,0.0121841254532499
